Date,Close/Last,Volume,Open,High,Low
01/11/2022,1.51,N/A,1.51,1.51,1.51
01/10/2022,1.53,N/A,1.53,1.53,1.53
01/07/2022,1.5,N/A,1.5,1.5,1.5
01/06/2022,1.47,N/A,1.47,1.47,1.47
01/05/2022,1.43,N/A,1.43,1.43,1.43
01/04/2022,1.37,N/A,1.37,1.37,1.37
01/03/2022,1.37,N/A,1.37,1.37,1.37
12/31/2021,1.26,N/A,1.26,1.26,1.26
12/30/2021,1.27,N/A,1.27,1.27,1.27
12/29/2021,1.29,N/A,1.29,1.29,1.29
12/28/2021,1.27,N/A,1.27,1.27,1.27
12/27/2021,1.26,N/A,1.26,1.26,1.26
12/24/2021,1.25,N/A,1.25,1.25,1.25
12/23/2021,1.25,N/A,1.25,1.25,1.25
12/22/2021,1.23,N/A,1.23,1.23,1.23
12/21/2021,1.24,N/A,1.24,1.24,1.24
12/20/2021,1.17,N/A,1.17,1.17,1.17
12/17/2021,1.18,N/A,1.18,1.18,1.18
12/16/2021,1.19,N/A,1.19,1.19,1.19
12/15/2021,1.26,N/A,1.26,1.26,1.26
12/14/2021,1.23,N/A,1.23,1.23,1.23
12/13/2021,1.21,N/A,1.21,1.21,1.21
12/10/2021,1.25,N/A,1.25,1.25,1.25
12/09/2021,1.26,N/A,1.26,1.26,1.26
12/08/2021,1.27,N/A,1.27,1.27,1.27
12/07/2021,1.26,N/A,1.26,1.26,1.26
12/06/2021,1.21,N/A,1.21,1.21,1.21
12/03/2021,1.13,N/A,1.13,1.13,1.13
12/02/2021,1.21,N/A,1.21,1.21,1.21
12/01/2021,1.15,N/A,1.15,1.15,1.15
11/30/2021,1.14,N/A,1.14,1.14,1.14
11/29/2021,1.18,N/A,1.18,1.18,1.18
11/26/2021,1.16,N/A,1.16,1.16,1.16
11/25/2021,1.34,N/A,1.34,1.34,1.34
11/24/2021,1.34,N/A,1.34,1.34,1.34
11/23/2021,1.33,N/A,1.33,1.33,1.33
11/22/2021,1.33,N/A,1.33,1.33,1.33
11/19/2021,1.22,N/A,1.22,1.22,1.22
11/18/2021,1.22,N/A,1.22,1.22,1.22
11/17/2021,1.24,N/A,1.24,1.24,1.24
11/16/2021,1.27,N/A,1.27,1.27,1.27
11/15/2021,1.26,N/A,1.26,1.26,1.26
11/12/2021,1.24,N/A,1.24,1.24,1.24
11/11/2021,1.23,N/A,1.23,1.23,1.23
11/10/2021,1.23,N/A,1.23,1.23,1.23
11/09/2021,1.08,N/A,1.08,1.08,1.08
11/08/2021,1.13,N/A,1.13,1.13,1.13
11/05/2021,1.04,N/A,1.04,1.04,1.04
11/04/2021,1.1,N/A,1.1,1.1,1.1
11/03/2021,1.19,N/A,1.19,1.19,1.19
11/02/2021,1.15,N/A,1.15,1.15,1.15
11/01/2021,1.2,N/A,1.2,1.2,1.2
10/29/2021,1.18,N/A,1.18,1.18,1.18
10/28/2021,1.18,N/A,1.18,1.18,1.18
10/27/2021,1.16,N/A,1.16,1.16,1.16
10/26/2021,1.2,N/A,1.2,1.2,1.2
10/25/2021,1.19,N/A,1.19,1.19,1.19
10/22/2021,1.22,N/A,1.22,1.22,1.22
10/21/2021,1.23,N/A,1.23,1.23,1.23
10/20/2021,1.16,N/A,1.16,1.16,1.16
10/19/2021,1.17,N/A,1.17,1.17,1.17
10/18/2021,1.16,N/A,1.16,1.16,1.16
10/15/2021,1.13,N/A,1.13,1.13,1.13
10/14/2021,1.05,N/A,1.05,1.05,1.05
10/13/2021,1.09,N/A,1.09,1.09,1.09
10/12/2021,1.08,N/A,1.08,1.08,1.08
10/11/2021,1.05,N/A,1.05,1.05,1.05
10/08/2021,1.05,N/A,1.05,1.05,1.05
10/07/2021,1.02,N/A,1.02,1.02,1.02
10/06/2021,0.99,N/A,0.99,0.99,0.99
10/05/2021,0.98,N/A,0.98,0.98,0.98
10/04/2021,0.95,N/A,0.95,0.95,0.95
10/01/2021,0.93,N/A,0.93,0.93,0.93
09/30/2021,0.98,N/A,0.98,0.98,0.98
09/29/2021,1.01,N/A,1.01,1.01,1.01
09/28/2021,1.02,N/A,1.02,1.02,1.02
09/27/2021,0.98,N/A,0.98,0.98,0.98
09/24/2021,0.97,N/A,0.97,0.97,0.97
09/23/2021,0.94,N/A,0.94,0.94,0.94
09/22/2021,0.86,N/A,0.86,0.86,0.86
09/21/2021,0.84,N/A,0.84,0.84,0.84
09/20/2021,0.83,N/A,0.83,0.83,0.83
09/17/2021,0.88,N/A,0.88,0.88,0.88
09/16/2021,0.84,N/A,0.84,0.84,0.84
09/15/2021,0.81,N/A,0.81,0.81,0.81
09/14/2021,0.79,N/A,0.79,0.79,0.79
09/13/2021,0.81,N/A,0.81,0.81,0.81
09/10/2021,0.82,N/A,0.82,0.82,0.82
09/09/2021,0.79,N/A,0.79,0.79,0.79
09/08/2021,0.81,N/A,0.81,0.81,0.81
09/07/2021,0.82,N/A,0.82,0.82,0.82
09/06/2021,0.78,N/A,0.78,0.78,0.78
09/03/2021,0.78,N/A,0.78,0.78,0.78
09/02/2021,0.78,N/A,0.78,0.78,0.78
09/01/2021,0.78,N/A,0.78,0.78,0.78
08/31/2021,0.77,N/A,0.77,0.77,0.77
08/30/2021,0.77,N/A,0.77,0.77,0.77
08/27/2021,0.79,N/A,0.79,0.79,0.79
08/26/2021,0.84,N/A,0.84,0.84,0.84
08/25/2021,0.84,N/A,0.84,0.84,0.84
08/24/2021,0.8,N/A,0.8,0.8,0.8
08/23/2021,0.78,N/A,0.78,0.78,0.78
08/20/2021,0.8,N/A,0.8,0.8,0.8
08/19/2021,0.78,N/A,0.78,0.78,0.78
08/18/2021,0.79,N/A,0.79,0.79,0.79
08/17/2021,0.77,N/A,0.77,0.77,0.77
08/16/2021,0.75,N/A,0.75,0.75,0.75
08/13/2021,0.79,N/A,0.79,0.79,0.79
08/12/2021,0.83,N/A,0.83,0.83,0.83
08/11/2021,0.81,N/A,0.81,0.81,0.81
08/10/2021,0.82,N/A,0.82,0.82,0.82
08/09/2021,0.79,N/A,0.79,0.79,0.79
08/06/2021,0.77,N/A,0.77,0.77,0.77
08/05/2021,0.72,N/A,0.72,0.72,0.72
08/04/2021,0.67,N/A,0.67,0.67,0.67
08/03/2021,0.65,N/A,0.65,0.65,0.65
08/02/2021,0.66,N/A,0.66,0.66,0.66
07/30/2021,0.69,N/A,0.69,0.69,0.69
07/29/2021,0.73,N/A,0.73,0.73,0.73
07/28/2021,0.72,N/A,0.72,0.72,0.72
07/27/2021,0.71,N/A,0.71,0.71,0.71
07/26/2021,0.73,N/A,0.73,0.73,0.73
07/23/2021,0.72,N/A,0.72,0.72,0.72
07/22/2021,0.71,N/A,0.71,0.71,0.71
07/21/2021,0.74,N/A,0.74,0.74,0.74
07/20/2021,0.69,N/A,0.69,0.69,0.69
07/19/2021,0.7,N/A,0.7,0.7,0.7
07/16/2021,0.79,N/A,0.79,0.79,0.79
07/15/2021,0.78,N/A,0.78,0.78,0.78
07/14/2021,0.8,N/A,0.8,0.8,0.8
07/13/2021,0.85,N/A,0.85,0.85,0.85
07/12/2021,0.81,N/A,0.81,0.81,0.81
07/09/2021,0.79,N/A,0.79,0.79,0.79
07/08/2021,0.74,N/A,0.74,0.74,0.74
07/07/2021,0.79,N/A,0.79,0.79,0.79
07/06/2021,0.81,N/A,0.81,0.81,0.81
07/05/2021,0.86,N/A,0.86,0.86,0.86
07/02/2021,0.86,N/A,0.86,0.86,0.86
07/01/2021,0.89,N/A,0.89,0.89,0.89
06/30/2021,0.87,N/A,0.87,0.87,0.87
06/29/2021,0.89,N/A,0.89,0.89,0.89
06/28/2021,0.9,N/A,0.9,0.9,0.9
06/25/2021,0.92,N/A,0.92,0.92,0.92
06/24/2021,0.9,N/A,0.9,0.9,0.9
06/23/2021,0.9,N/A,0.9,0.9,0.9
06/22/2021,0.87,N/A,0.87,0.87,0.87
06/21/2021,0.9,N/A,0.9,0.9,0.9
06/18/2021,0.89,N/A,0.89,0.89,0.89
06/17/2021,0.9,N/A,0.9,0.9,0.9
06/16/2021,0.89,N/A,0.89,0.89,0.89
06/15/2021,0.79,N/A,0.79,0.79,0.79
06/14/2021,0.8,N/A,0.8,0.8,0.8
06/11/2021,0.76,N/A,0.76,0.76,0.76
06/10/2021,0.73,N/A,0.73,0.73,0.73
06/09/2021,0.75,N/A,0.75,0.75,0.75
06/08/2021,0.77,N/A,0.77,0.77,0.77
06/07/2021,0.79,N/A,0.79,0.79,0.79
06/04/2021,0.78,N/A,0.78,0.78,0.78
06/03/2021,0.84,N/A,0.84,0.84,0.84
06/02/2021,0.8,N/A,0.8,0.8,0.8
06/01/2021,0.81,N/A,0.81,0.81,0.81
05/31/2021,0.79,N/A,0.79,0.79,0.79
05/28/2021,0.79,N/A,0.79,0.79,0.79
05/27/2021,0.81,N/A,0.81,0.81,0.81
05/26/2021,0.8,N/A,0.8,0.8,0.8
05/25/2021,0.79,N/A,0.79,0.79,0.79
05/24/2021,0.82,N/A,0.82,0.82,0.82
05/21/2021,0.84,N/A,0.84,0.84,0.84
05/20/2021,0.83,N/A,0.83,0.83,0.83
05/19/2021,0.87,N/A,0.87,0.87,0.87
05/18/2021,0.83,N/A,0.83,0.83,0.83
05/17/2021,0.84,N/A,0.84,0.84,0.84
05/14/2021,0.82,N/A,0.82,0.82,0.82
05/13/2021,0.84,N/A,0.84,0.84,0.84
05/12/2021,0.87,N/A,0.87,0.87,0.87
05/11/2021,0.8,N/A,0.8,0.8,0.8
05/10/2021,0.8,N/A,0.8,0.8,0.8
05/07/2021,0.77,N/A,0.77,0.77,0.77
05/06/2021,0.81,N/A,0.81,0.81,0.81
05/05/2021,0.8,N/A,0.8,0.8,0.8
05/04/2021,0.82,N/A,0.82,0.82,0.82
05/03/2021,0.84,N/A,0.84,0.84,0.84
04/30/2021,0.86,N/A,0.86,0.86,0.86
04/29/2021,0.86,N/A,0.86,0.86,0.86
04/28/2021,0.86,N/A,0.86,0.86,0.86
04/27/2021,0.88,N/A,0.88,0.88,0.88
04/26/2021,0.85,N/A,0.85,0.85,0.85
04/23/2021,0.83,N/A,0.83,0.83,0.83
04/22/2021,0.81,N/A,0.81,0.81,0.81
04/21/2021,0.81,N/A,0.81,0.81,0.81
04/20/2021,0.81,N/A,0.81,0.81,0.81
04/19/2021,0.85,N/A,0.85,0.85,0.85
04/16/2021,0.84,N/A,0.84,0.84,0.84
04/15/2021,0.81,N/A,0.81,0.81,0.81
04/14/2021,0.87,N/A,0.87,0.87,0.87
04/13/2021,0.85,N/A,0.85,0.85,0.85
04/12/2021,0.89,N/A,0.89,0.89,0.89
04/09/2021,0.87,N/A,0.87,0.87,0.87
04/08/2021,0.85,N/A,0.85,0.85,0.85
04/07/2021,0.87,N/A,0.87,0.87,0.87
04/06/2021,0.88,N/A,0.88,0.88,0.88
04/05/2021,0.94,N/A,0.94,0.94,0.94
04/02/2021,0.97,N/A,0.97,0.97,0.97
04/01/2021,0.9,N/A,0.9,0.9,0.9
03/31/2021,0.92,N/A,0.92,0.92,0.92
03/30/2021,0.9,N/A,0.9,0.9,0.9
03/29/2021,0.89,N/A,0.89,0.89,0.89
03/26/2021,0.85,N/A,0.85,0.85,0.85
03/25/2021,0.82,N/A,0.82,0.82,0.82
03/24/2021,0.83,N/A,0.83,0.83,0.83
03/23/2021,0.83,N/A,0.83,0.83,0.83
03/22/2021,0.87,N/A,0.87,0.87,0.87
03/19/2021,0.9,N/A,0.9,0.9,0.9
03/18/2021,0.86,N/A,0.86,0.86,0.86
03/17/2021,0.8,N/A,0.8,0.8,0.8
03/16/2021,0.83,N/A,0.83,0.83,0.83
03/15/2021,0.84,N/A,0.84,0.84,0.84
03/12/2021,0.85,N/A,0.85,0.85,0.85
03/11/2021,0.78,N/A,0.78,0.78,0.78
03/10/2021,0.8,N/A,0.8,0.8,0.8
03/09/2021,0.83,N/A,0.83,0.83,0.83
03/08/2021,0.86,N/A,0.86,0.86,0.86
03/05/2021,0.79,N/A,0.79,0.79,0.79
03/04/2021,0.77,N/A,0.77,0.77,0.77
03/03/2021,0.73,N/A,0.73,0.73,0.73
03/02/2021,0.67,N/A,0.67,0.67,0.67
03/01/2021,0.71,N/A,0.71,0.71,0.71
02/26/2021,0.75,N/A,0.75,0.75,0.75
02/25/2021,0.81,N/A,0.81,0.81,0.81
02/24/2021,0.62,N/A,0.62,0.62,0.62
02/23/2021,0.59,N/A,0.59,0.59,0.59
02/22/2021,0.61,N/A,0.61,0.61,0.61
02/19/2021,0.59,N/A,0.59,0.59,0.59
02/18/2021,0.56,N/A,0.56,0.56,0.56
02/17/2021,0.57,N/A,0.57,0.57,0.57
02/16/2021,0.57,N/A,0.57,0.57,0.57
02/15/2021,0.5,N/A,0.5,0.5,0.5
02/12/2021,0.5,N/A,0.5,0.5,0.5
02/11/2021,0.46,N/A,0.46,0.46,0.46
02/10/2021,0.46,N/A,0.46,0.46,0.46
02/09/2021,0.48,N/A,0.48,0.48,0.48
02/08/2021,0.48,N/A,0.48,0.48,0.48
02/05/2021,0.47,N/A,0.47,0.47,0.47
02/04/2021,0.46,N/A,0.46,0.46,0.46
02/03/2021,0.46,N/A,0.46,0.46,0.46
02/02/2021,0.45,N/A,0.45,0.45,0.45
02/01/2021,0.42,N/A,0.42,0.42,0.42
01/29/2021,0.45,N/A,0.45,0.45,0.45
01/28/2021,0.42,N/A,0.42,0.42,0.42
01/27/2021,0.41,N/A,0.41,0.41,0.41
01/26/2021,0.42,N/A,0.42,0.42,0.42
01/25/2021,0.42,N/A,0.42,0.42,0.42
01/22/2021,0.44,N/A,0.44,0.44,0.44
01/21/2021,0.45,N/A,0.45,0.45,0.45
01/20/2021,0.45,N/A,0.45,0.45,0.45
01/19/2021,0.45,N/A,0.45,0.45,0.45
01/18/2021,0.46,N/A,0.46,0.46,0.46
01/15/2021,0.46,N/A,0.46,0.46,0.46
01/14/2021,0.49,N/A,0.49,0.49,0.49
01/13/2021,0.48,N/A,0.48,0.48,0.48
01/12/2021,0.5,N/A,0.5,0.5,0.5
01/11/2021,0.5,N/A,0.5,0.5,0.5
01/08/2021,0.49,N/A,0.49,0.49,0.49
01/07/2021,0.46,N/A,0.46,0.46,0.46
01/06/2021,0.43,N/A,0.43,0.43,0.43
01/05/2021,0.38,N/A,0.38,0.38,0.38
01/04/2021,0.36,N/A,0.36,0.36,0.36
01/01/2021,0.36,N/A,0.36,0.36,0.36
12/31/2020,0.36,N/A,0.36,0.36,0.36
12/30/2020,0.37,N/A,0.37,0.37,0.37
12/29/2020,0.37,N/A,0.37,0.37,0.37
12/28/2020,0.38,N/A,0.38,0.38,0.38
12/25/2020,0.37,N/A,0.37,0.37,0.37
12/24/2020,0.37,N/A,0.37,0.37,0.37
12/23/2020,0.38,N/A,0.38,0.38,0.38
12/22/2020,0.37,N/A,0.37,0.37,0.37
12/21/2020,0.39,N/A,0.39,0.39,0.39
12/18/2020,0.39,N/A,0.39,0.39,0.39
12/17/2020,0.38,N/A,0.38,0.38,0.38
12/16/2020,0.37,N/A,0.37,0.37,0.37
12/15/2020,0.37,N/A,0.37,0.37,0.37
12/14/2020,0.37,N/A,0.37,0.37,0.37
12/11/2020,0.37,N/A,0.37,0.37,0.37
12/10/2020,0.39,N/A,0.39,0.39,0.39
12/09/2020,0.41,N/A,0.41,0.41,0.41
12/08/2020,0.39,N/A,0.39,0.39,0.39
12/07/2020,0.4,N/A,0.4,0.4,0.4
12/04/2020,0.42,N/A,0.42,0.42,0.42
12/03/2020,0.4,N/A,0.4,0.4,0.4
12/02/2020,0.42,N/A,0.42,0.42,0.42
12/01/2020,0.42,N/A,0.42,0.42,0.42
11/30/2020,0.36,N/A,0.36,0.36,0.36
11/27/2020,0.37,N/A,0.37,0.37,0.37
11/26/2020,0.39,N/A,0.39,0.39,0.39
11/25/2020,0.39,N/A,0.39,0.39,0.39
11/24/2020,0.39,N/A,0.39,0.39,0.39
11/23/2020,0.39,N/A,0.39,0.39,0.39
11/20/2020,0.38,N/A,0.38,0.38,0.38
11/19/2020,0.39,N/A,0.39,0.39,0.39
11/18/2020,0.4,N/A,0.4,0.4,0.4
11/17/2020,0.39,N/A,0.39,0.39,0.39
11/16/2020,0.41,N/A,0.41,0.41,0.41
11/13/2020,0.41,N/A,0.41,0.41,0.41
11/12/2020,0.4,N/A,0.4,0.4,0.4
11/11/2020,0.46,N/A,0.46,0.46,0.46
11/10/2020,0.46,N/A,0.46,0.46,0.46
11/09/2020,0.44,N/A,0.44,0.44,0.44
11/06/2020,0.36,N/A,0.36,0.36,0.36
11/05/2020,0.33,N/A,0.33,0.33,0.33
11/04/2020,0.33,N/A,0.33,0.33,0.33
11/03/2020,0.39,N/A,0.39,0.39,0.39
11/02/2020,0.38,N/A,0.38,0.38,0.38
10/30/2020,0.38,N/A,0.38,0.38,0.38
10/29/2020,0.38,N/A,0.38,0.38,0.38
10/28/2020,0.34,N/A,0.34,0.34,0.34
10/27/2020,0.34,N/A,0.34,0.34,0.34
10/26/2020,0.35,N/A,0.35,0.35,0.35
10/23/2020,0.37,N/A,0.37,0.37,0.37
10/22/2020,0.38,N/A,0.38,0.38,0.38
10/21/2020,0.36,N/A,0.36,0.36,0.36
10/20/2020,0.34,N/A,0.34,0.34,0.34
10/19/2020,0.34,N/A,0.34,0.34,0.34
10/16/2020,0.32,N/A,0.32,0.32,0.32
10/15/2020,0.32,N/A,0.32,0.32,0.32
10/14/2020,0.3,N/A,0.3,0.3,0.3
10/13/2020,0.31,N/A,0.31,0.31,0.31
10/12/2020,0.34,N/A,0.34,0.34,0.34
10/09/2020,0.34,N/A,0.34,0.34,0.34
10/08/2020,0.33,N/A,0.33,0.33,0.33
10/07/2020,0.35,N/A,0.35,0.35,0.35
10/06/2020,0.32,N/A,0.32,0.32,0.32
10/05/2020,0.33,N/A,0.33,0.33,0.33
10/02/2020,0.28,N/A,0.28,0.28,0.28
10/01/2020,0.27,N/A,0.27,0.27,0.27
09/30/2020,0.28,N/A,0.28,0.28,0.28
09/29/2020,0.24,N/A,0.24,0.24,0.24
09/28/2020,0.26,N/A,0.26,0.26,0.26
09/25/2020,0.26,N/A,0.26,0.26,0.26
09/24/2020,0.27,N/A,0.27,0.27,0.27
09/23/2020,0.28,N/A,0.28,0.28,0.28
09/22/2020,0.27,N/A,0.27,0.27,0.27
09/21/2020,0.27,N/A,0.27,0.27,0.27
09/18/2020,0.29,N/A,0.29,0.29,0.29
09/17/2020,0.28,N/A,0.28,0.28,0.28
09/16/2020,0.28,N/A,0.28,0.28,0.28
09/15/2020,0.27,N/A,0.27,0.27,0.27
09/14/2020,0.27,N/A,0.27,0.27,0.27
09/11/2020,0.26,N/A,0.26,0.26,0.26
09/10/2020,0.26,N/A,0.26,0.26,0.26
09/09/2020,0.28,N/A,0.28,0.28,0.28
09/08/2020,0.28,N/A,0.28,0.28,0.28
09/07/2020,0.3,N/A,0.3,0.3,0.3
09/04/2020,0.3,N/A,0.3,0.3,0.3
09/03/2020,0.24,N/A,0.24,0.24,0.24
09/02/2020,0.26,N/A,0.26,0.26,0.26
09/01/2020,0.26,N/A,0.26,0.26,0.26
08/31/2020,0.28,N/A,0.28,0.28,0.28
08/28/2020,0.28,N/A,0.28,0.28,0.28
08/27/2020,0.31,N/A,0.31,0.31,0.31
08/26/2020,0.28,N/A,0.28,0.28,0.28
08/25/2020,0.3,N/A,0.3,0.3,0.3
08/24/2020,0.28,N/A,0.28,0.28,0.28
08/21/2020,0.27,N/A,0.27,0.27,0.27
08/20/2020,0.26,N/A,0.26,0.26,0.26
08/19/2020,0.29,N/A,0.29,0.29,0.29
08/18/2020,0.27,N/A,0.27,0.27,0.27
08/17/2020,0.29,N/A,0.29,0.29,0.29
08/14/2020,0.29,N/A,0.29,0.29,0.29
08/13/2020,0.32,N/A,0.32,0.32,0.32
08/12/2020,0.3,N/A,0.3,0.3,0.3
08/11/2020,0.27,N/A,0.27,0.27,0.27
08/10/2020,0.24,N/A,0.24,0.24,0.24
08/07/2020,0.23,N/A,0.23,0.23,0.23
08/06/2020,0.21,N/A,0.21,0.21,0.21
08/05/2020,0.22,N/A,0.22,0.22,0.22
08/04/2020,0.19,N/A,0.19,0.19,0.19
08/03/2020,0.22,N/A,0.22,0.22,0.22
07/31/2020,0.21,N/A,0.21,0.21,0.21
07/30/2020,0.23,N/A,0.23,0.23,0.23
07/29/2020,0.25,N/A,0.25,0.25,0.25
07/28/2020,0.26,N/A,0.26,0.26,0.26
07/27/2020,0.3,N/A,0.3,0.3,0.3
07/24/2020,0.27,N/A,0.27,0.27,0.27
07/23/2020,0.27,N/A,0.27,0.27,0.27
07/22/2020,0.27,N/A,0.27,0.27,0.27
07/21/2020,0.27,N/A,0.27,0.27,0.27
07/20/2020,0.29,N/A,0.29,0.29,0.29
07/17/2020,0.29,N/A,0.29,0.29,0.29
07/16/2020,0.28,N/A,0.28,0.28,0.28
07/15/2020,0.28,N/A,0.28,0.28,0.28
07/14/2020,0.28,N/A,0.28,0.28,0.28
07/13/2020,0.3,N/A,0.3,0.3,0.3
07/10/2020,0.3,N/A,0.3,0.3,0.3
07/09/2020,0.28,N/A,0.28,0.28,0.28
07/08/2020,0.3,N/A,0.3,0.3,0.3
07/07/2020,0.29,N/A,0.29,0.29,0.29
07/06/2020,0.31,N/A,0.31,0.31,0.31
07/03/2020,0.29,N/A,0.29,0.29,0.29
07/02/2020,0.29,N/A,0.29,0.29,0.29
07/01/2020,0.31,N/A,0.31,0.31,0.31
06/30/2020,0.29,N/A,0.29,0.29,0.29
06/29/2020,0.28,N/A,0.28,0.28,0.28
06/26/2020,0.3,N/A,0.3,0.3,0.3
06/25/2020,0.32,N/A,0.32,0.32,0.32
06/24/2020,0.33,N/A,0.33,0.33,0.33
06/23/2020,0.33,N/A,0.33,0.33,0.33
06/22/2020,0.34,N/A,0.34,0.34,0.34
06/19/2020,0.33,N/A,0.33,0.33,0.33
06/18/2020,0.34,N/A,0.34,0.34,0.34
06/17/2020,0.34,N/A,0.34,0.34,0.34
06/16/2020,0.34,N/A,0.34,0.34,0.34
06/15/2020,0.33,N/A,0.33,0.33,0.33
06/12/2020,0.33,N/A,0.33,0.33,0.33
06/11/2020,0.32,N/A,0.32,0.32,0.32
06/10/2020,0.33,N/A,0.33,0.33,0.33
06/09/2020,0.4,N/A,0.4,0.4,0.4
06/08/2020,0.45,N/A,0.45,0.45,0.45
06/05/2020,0.47,N/A,0.47,0.47,0.47
06/04/2020,0.4,N/A,0.4,0.4,0.4
06/03/2020,0.38,N/A,0.38,0.38,0.38
06/02/2020,0.32,N/A,0.32,0.32,0.32
06/01/2020,0.31,N/A,0.31,0.31,0.31
05/29/2020,0.3,N/A,0.3,0.3,0.3
05/28/2020,0.34,N/A,0.34,0.34,0.34
05/27/2020,0.34,N/A,0.34,0.34,0.34
05/26/2020,0.35,N/A,0.35,0.35,0.35
05/25/2020,0.34,N/A,0.34,0.34,0.34
05/22/2020,0.34,N/A,0.34,0.34,0.34
05/21/2020,0.35,N/A,0.35,0.35,0.35
05/20/2020,0.34,N/A,0.34,0.34,0.34
05/19/2020,0.35,N/A,0.35,0.35,0.35
05/18/2020,0.38,N/A,0.38,0.38,0.38
05/15/2020,0.31,N/A,0.31,0.31,0.31
05/14/2020,0.31,N/A,0.31,0.31,0.31
05/13/2020,0.31,N/A,0.31,0.31,0.31
05/12/2020,0.34,N/A,0.34,0.34,0.34
05/11/2020,0.36,N/A,0.36,0.36,0.36
05/08/2020,0.33,N/A,0.33,0.33,0.33
05/07/2020,0.29,N/A,0.29,0.29,0.29
05/06/2020,0.37,N/A,0.37,0.37,0.37
05/05/2020,0.36,N/A,0.36,0.36,0.36
05/04/2020,0.36,N/A,0.36,0.36,0.36
05/01/2020,0.36,N/A,0.36,0.36,0.36
04/30/2020,0.36,N/A,0.36,0.36,0.36
04/29/2020,0.36,N/A,0.36,0.36,0.36
04/28/2020,0.37,N/A,0.37,0.37,0.37
04/27/2020,0.41,N/A,0.41,0.41,0.41
04/24/2020,0.36,N/A,0.36,0.36,0.36
04/23/2020,0.37,N/A,0.37,0.37,0.37
04/22/2020,0.37,N/A,0.37,0.37,0.37
04/21/2020,0.34,N/A,0.34,0.34,0.34
04/20/2020,0.35,N/A,0.35,0.35,0.35
04/17/2020,0.36,N/A,0.36,0.36,0.36
04/16/2020,0.35,N/A,0.35,0.35,0.35
04/15/2020,0.34,N/A,0.34,0.34,0.34
04/14/2020,0.42,N/A,0.42,0.42,0.42
04/13/2020,0.44,N/A,0.44,0.44,0.44
04/10/2020,0.41,N/A,0.41,0.41,0.41
04/09/2020,0.41,N/A,0.41,0.41,0.41
04/08/2020,0.47,N/A,0.47,0.47,0.47
04/07/2020,0.48,N/A,0.48,0.48,0.48
04/06/2020,0.44,N/A,0.44,0.44,0.44
04/03/2020,0.39,N/A,0.39,0.39,0.39
04/02/2020,0.39,N/A,0.39,0.39,0.39
04/01/2020,0.37,N/A,0.37,0.37,0.37
03/31/2020,0.37,N/A,0.37,0.37,0.37
03/30/2020,0.39,N/A,0.39,0.39,0.39
03/27/2020,0.41,N/A,0.41,0.41,0.41
03/26/2020,0.51,N/A,0.51,0.51,0.51
03/25/2020,0.56,N/A,0.56,0.56,0.56
03/24/2020,0.52,N/A,0.52,0.52,0.52
03/23/2020,0.38,N/A,0.38,0.38,0.38
03/20/2020,0.52,N/A,0.52,0.52,0.52
03/19/2020,0.66,N/A,0.66,0.66,0.66
03/18/2020,0.79,N/A,0.79,0.79,0.79
03/17/2020,0.66,N/A,0.66,0.66,0.66
03/16/2020,0.49,N/A,0.49,0.49,0.49
03/13/2020,0.7,N/A,0.7,0.7,0.7
03/12/2020,0.66,N/A,0.66,0.66,0.66
03/11/2020,0.66,N/A,0.66,0.66,0.66
03/10/2020,0.63,N/A,0.63,0.63,0.63
03/09/2020,0.46,N/A,0.46,0.46,0.46
03/06/2020,0.58,N/A,0.58,0.58,0.58
03/05/2020,0.67,N/A,0.67,0.67,0.67
03/04/2020,0.75,N/A,0.75,0.75,0.75
03/03/2020,0.77,N/A,0.77,0.77,0.77
03/02/2020,0.88,N/A,0.88,0.88,0.88
02/28/2020,0.89,N/A,0.89,0.89,0.89
02/27/2020,1.11,N/A,1.11,1.11,1.11
02/26/2020,1.14,N/A,1.14,1.14,1.14
02/25/2020,1.16,N/A,1.16,1.16,1.16
02/24/2020,1.21,N/A,1.21,1.21,1.21
02/21/2020,1.3,N/A,1.3,1.3,1.3
02/20/2020,1.37,N/A,1.37,1.37,1.37
02/19/2020,1.41,N/A,1.41,1.41,1.41
02/18/2020,1.39,N/A,1.39,1.39,1.39
02/17/2020,1.42,N/A,1.42,1.42,1.42
02/14/2020,1.42,N/A,1.42,1.42,1.42
02/13/2020,1.43,N/A,1.43,1.43,1.43
02/12/2020,1.45,N/A,1.45,1.45,1.45
02/11/2020,1.4,N/A,1.4,1.4,1.4
02/10/2020,1.38,N/A,1.38,1.38,1.38
02/07/2020,1.41,N/A,1.41,1.41,1.41
02/06/2020,1.45,N/A,1.45,1.45,1.45
02/05/2020,1.46,N/A,1.46,1.46,1.46
02/04/2020,1.42,N/A,1.42,1.42,1.42
02/03/2020,1.35,N/A,1.35,1.35,1.35
01/31/2020,1.32,N/A,1.32,1.32,1.32
01/30/2020,1.39,N/A,1.39,1.39,1.39
01/29/2020,1.41,N/A,1.41,1.41,1.41
01/28/2020,1.47,N/A,1.47,1.47,1.47
01/27/2020,1.44,N/A,1.44,1.44,1.44
01/24/2020,1.51,N/A,1.51,1.51,1.51
01/23/2020,1.55,N/A,1.55,1.55,1.55
01/22/2020,1.57,N/A,1.57,1.57,1.57
01/21/2020,1.57,N/A,1.57,1.57,1.57
01/20/2020,1.63,N/A,1.63,1.63,1.63
01/17/2020,1.63,N/A,1.63,1.63,1.63
01/16/2020,1.63,N/A,1.63,1.63,1.63
01/15/2020,1.6,N/A,1.6,1.6,1.6
01/14/2020,1.63,N/A,1.63,1.63,1.63
01/13/2020,1.65,N/A,1.65,1.65,1.65
01/10/2020,1.63,N/A,1.63,1.63,1.63
01/09/2020,1.65,N/A,1.65,1.65,1.65
01/08/2020,1.67,N/A,1.67,1.67,1.67
01/07/2020,1.62,N/A,1.62,1.62,1.62
01/06/2020,1.61,N/A,1.61,1.61,1.61
01/03/2020,1.59,N/A,1.59,1.59,1.59
01/02/2020,1.67,N/A,1.67,1.67,1.67
01/01/2020,1.69,N/A,1.69,1.69,1.69
12/31/2019,1.69,N/A,1.69,1.69,1.69
12/30/2019,1.68,N/A,1.68,1.68,1.68
12/27/2019,1.68,N/A,1.68,1.68,1.68
12/26/2019,1.72,N/A,1.72,1.72,1.72
12/25/2019,1.72,N/A,1.72,1.72,1.72
12/24/2019,1.72,N/A,1.72,1.72,1.72
12/23/2019,1.75,N/A,1.75,1.75,1.75
12/20/2019,1.73,N/A,1.73,1.73,1.73
12/19/2019,1.73,N/A,1.73,1.73,1.73
12/18/2019,1.74,N/A,1.74,1.74,1.74
12/17/2019,1.71,N/A,1.71,1.71,1.71
12/16/2019,1.72,N/A,1.72,1.72,1.72
12/13/2019,1.66,N/A,1.66,1.66,1.66
12/12/2019,1.73,N/A,1.73,1.73,1.73
12/11/2019,1.64,N/A,1.64,1.64,1.64
12/10/2019,1.68,N/A,1.68,1.68,1.68
12/09/2019,1.67,N/A,1.67,1.67,1.67
12/06/2019,1.67,N/A,1.67,1.67,1.67
12/05/2019,1.62,N/A,1.62,1.62,1.62
12/04/2019,1.6,N/A,1.6,1.6,1.6
12/03/2019,1.54,N/A,1.54,1.54,1.54
12/02/2019,1.65,N/A,1.65,1.65,1.65
11/29/2019,1.62,N/A,1.62,1.62,1.62
11/28/2019,1.63,N/A,1.63,1.63,1.63
11/27/2019,1.63,N/A,1.63,1.63,1.63
11/26/2019,1.58,N/A,1.58,1.58,1.58
11/25/2019,1.62,N/A,1.62,1.62,1.62
11/22/2019,1.62,N/A,1.62,1.62,1.62
11/21/2019,1.62,N/A,1.62,1.62,1.62
11/20/2019,1.58,N/A,1.58,1.58,1.58
11/19/2019,1.63,N/A,1.63,1.63,1.63
11/18/2019,1.63,N/A,1.63,1.63,1.63
11/15/2019,1.65,N/A,1.65,1.65,1.65
11/14/2019,1.63,N/A,1.63,1.63,1.63
11/13/2019,1.69,N/A,1.69,1.69,1.69
11/12/2019,1.73,N/A,1.73,1.73,1.73
11/11/2019,1.74,N/A,1.74,1.74,1.74
11/08/2019,1.74,N/A,1.74,1.74,1.74
11/07/2019,1.74,N/A,1.74,1.74,1.74
11/06/2019,1.63,N/A,1.63,1.63,1.63
11/05/2019,1.66,N/A,1.66,1.66,1.66
11/04/2019,1.6,N/A,1.6,1.6,1.6
11/01/2019,1.55,N/A,1.55,1.55,1.55
10/31/2019,1.51,N/A,1.51,1.51,1.51
10/30/2019,1.61,N/A,1.61,1.61,1.61
10/29/2019,1.66,N/A,1.66,1.66,1.66
10/28/2019,1.66,N/A,1.66,1.66,1.66
10/25/2019,1.62,N/A,1.62,1.62,1.62
10/24/2019,1.58,N/A,1.58,1.58,1.58
10/23/2019,1.58,N/A,1.58,1.58,1.58
10/22/2019,1.6,N/A,1.6,1.6,1.6
10/21/2019,1.61,N/A,1.61,1.61,1.61
10/18/2019,1.56,N/A,1.56,1.56,1.56
10/17/2019,1.57,N/A,1.57,1.57,1.57
10/16/2019,1.57,N/A,1.57,1.57,1.57
10/15/2019,1.59,N/A,1.59,1.59,1.59
10/14/2019,1.59,N/A,1.59,1.59,1.59
10/11/2019,1.59,N/A,1.59,1.59,1.59
10/10/2019,1.48,N/A,1.48,1.48,1.48
10/09/2019,1.4,N/A,1.4,1.4,1.4
10/08/2019,1.36,N/A,1.36,1.36,1.36
10/07/2019,1.38,N/A,1.38,1.38,1.38
10/04/2019,1.34,N/A,1.34,1.34,1.34
10/03/2019,1.34,N/A,1.34,1.34,1.34
10/02/2019,1.43,N/A,1.43,1.43,1.43
10/01/2019,1.51,N/A,1.51,1.51,1.51
09/30/2019,1.55,N/A,1.55,1.55,1.55
09/27/2019,1.56,N/A,1.56,1.56,1.56
09/26/2019,1.59,N/A,1.59,1.59,1.59
09/25/2019,1.6,N/A,1.6,1.6,1.6
09/24/2019,1.52,N/A,1.52,1.52,1.52
09/23/2019,1.59,N/A,1.59,1.59,1.59
09/20/2019,1.61,N/A,1.61,1.61,1.61
09/19/2019,1.66,N/A,1.66,1.66,1.66
09/18/2019,1.68,N/A,1.68,1.68,1.68
09/17/2019,1.66,N/A,1.66,1.66,1.66
09/16/2019,1.69,N/A,1.69,1.69,1.69
09/13/2019,1.75,N/A,1.75,1.75,1.75
09/12/2019,1.65,N/A,1.65,1.65,1.65
09/11/2019,1.6,N/A,1.6,1.6,1.6
09/10/2019,1.58,N/A,1.58,1.58,1.58
09/09/2019,1.49,N/A,1.49,1.49,1.49
09/06/2019,1.42,N/A,1.42,1.42,1.42
09/05/2019,1.43,N/A,1.43,1.43,1.43
09/04/2019,1.32,N/A,1.32,1.32,1.32
09/03/2019,1.35,N/A,1.35,1.35,1.35
09/02/2019,1.39,N/A,1.39,1.39,1.39
08/30/2019,1.39,N/A,1.39,1.39,1.39
08/29/2019,1.4,N/A,1.4,1.4,1.4
08/28/2019,1.37,N/A,1.37,1.37,1.37
08/27/2019,1.4,N/A,1.4,1.4,1.4
08/26/2019,1.43,N/A,1.43,1.43,1.43
08/23/2019,1.4,N/A,1.4,1.4,1.4
08/22/2019,1.5,N/A,1.5,1.5,1.5
08/21/2019,1.47,N/A,1.47,1.47,1.47
08/20/2019,1.42,N/A,1.42,1.42,1.42
08/19/2019,1.47,N/A,1.47,1.47,1.47
08/16/2019,1.42,N/A,1.42,1.42,1.42
08/15/2019,1.42,N/A,1.42,1.42,1.42
08/14/2019,1.51,N/A,1.51,1.51,1.51
08/13/2019,1.57,N/A,1.57,1.57,1.57
08/12/2019,1.49,N/A,1.49,1.49,1.49
08/09/2019,1.57,N/A,1.57,1.57,1.57
08/08/2019,1.54,N/A,1.54,1.54,1.54
08/07/2019,1.52,N/A,1.52,1.52,1.52
08/06/2019,1.53,N/A,1.53,1.53,1.53
08/05/2019,1.55,N/A,1.55,1.55,1.55
08/02/2019,1.66,N/A,1.66,1.66,1.66
08/01/2019,1.68,N/A,1.68,1.68,1.68
07/31/2019,1.88,N/A,1.88,1.88,1.88
07/30/2019,1.88,N/A,1.88,1.88,1.88
07/29/2019,1.88,N/A,1.88,1.88,1.88
07/26/2019,1.88,N/A,1.88,1.88,1.88
07/25/2019,1.88,N/A,1.88,1.88,1.88
07/24/2019,1.88,N/A,1.88,1.88,1.88
07/23/2019,1.88,N/A,1.88,1.88,1.88
07/22/2019,1.88,N/A,1.88,1.88,1.88
07/19/2019,1.88,N/A,1.88,1.88,1.88
07/18/2019,1.88,N/A,1.88,1.88,1.88
07/17/2019,1.88,N/A,1.88,1.88,1.88
07/16/2019,1.88,N/A,1.88,1.88,1.88
07/15/2019,1.84,N/A,1.84,1.84,1.84
07/12/2019,1.86,N/A,1.86,1.86,1.86
07/11/2019,1.88,N/A,1.88,1.88,1.88
07/10/2019,1.82,N/A,1.82,1.82,1.82
07/09/2019,1.88,N/A,1.88,1.88,1.88
07/08/2019,1.86,N/A,1.86,1.86,1.86
07/05/2019,1.84,N/A,1.84,1.84,1.84
07/04/2019,1.74,N/A,1.74,1.74,1.74
07/03/2019,1.74,N/A,1.74,1.74,1.74
07/02/2019,1.75,N/A,1.75,1.75,1.75
07/01/2019,1.79,N/A,1.79,1.79,1.79
06/28/2019,1.76,N/A,1.76,1.76,1.76
06/27/2019,1.76,N/A,1.76,1.76,1.76
06/26/2019,1.8,N/A,1.8,1.8,1.8
06/25/2019,1.73,N/A,1.73,1.73,1.73
06/24/2019,1.75,N/A,1.75,1.75,1.75
06/21/2019,1.8,N/A,1.8,1.8,1.8
06/20/2019,1.74,N/A,1.74,1.74,1.74
06/19/2019,1.77,N/A,1.77,1.77,1.77
06/18/2019,1.83,N/A,1.83,1.83,1.83
06/17/2019,1.85,N/A,1.85,1.85,1.85
06/14/2019,1.85,N/A,1.85,1.85,1.85
06/13/2019,1.84,N/A,1.84,1.84,1.84
06/12/2019,1.88,N/A,1.88,1.88,1.88
06/11/2019,1.92,N/A,1.92,1.92,1.92
06/10/2019,1.91,N/A,1.91,1.91,1.91
06/07/2019,1.85,N/A,1.85,1.85,1.85
06/06/2019,1.88,N/A,1.88,1.88,1.88
06/05/2019,1.86,N/A,1.86,1.86,1.86
06/04/2019,1.89,N/A,1.89,1.89,1.89
06/03/2019,1.83,N/A,1.83,1.83,1.83
05/31/2019,1.93,N/A,1.93,1.93,1.93
05/30/2019,2.03,N/A,2.03,2.03,2.03
05/29/2019,2.05,N/A,2.05,2.05,2.05
05/28/2019,2.06,N/A,2.06,2.06,2.06
05/27/2019,2.12,N/A,2.12,2.12,2.12
05/24/2019,2.12,N/A,2.12,2.12,2.12
05/23/2019,2.11,N/A,2.11,2.11,2.11
05/22/2019,2.19,N/A,2.19,2.19,2.19
05/21/2019,2.23,N/A,2.23,2.23,2.23
05/20/2019,2.21,N/A,2.21,2.21,2.21
05/17/2019,2.17,N/A,2.17,2.17,2.17
05/16/2019,2.18,N/A,2.18,2.18,2.18
05/15/2019,2.15,N/A,2.15,2.15,2.15
05/14/2019,2.2,N/A,2.2,2.2,2.2
05/13/2019,2.18,N/A,2.18,2.18,2.18
05/10/2019,2.26,N/A,2.26,2.26,2.26
05/09/2019,2.25,N/A,2.25,2.25,2.25
05/08/2019,2.28,N/A,2.28,2.28,2.28
05/07/2019,2.25,N/A,2.25,2.25,2.25
05/06/2019,2.3,N/A,2.3,2.3,2.3
05/03/2019,2.33,N/A,2.33,2.33,2.33
05/02/2019,2.34,N/A,2.34,2.34,2.34
05/01/2019,2.31,N/A,2.31,2.31,2.31
04/30/2019,2.28,N/A,2.28,2.28,2.28
04/29/2019,2.32,N/A,2.32,2.32,2.32
04/26/2019,2.29,N/A,2.29,2.29,2.29
04/25/2019,2.33,N/A,2.33,2.33,2.33
04/24/2019,2.32,N/A,2.32,2.32,2.32
04/23/2019,2.36,N/A,2.36,2.36,2.36
04/22/2019,2.39,N/A,2.39,2.39,2.39
04/19/2019,2.38,N/A,2.38,2.38,2.38
04/18/2019,2.38,N/A,2.38,2.38,2.38
04/17/2019,2.4,N/A,2.4,2.4,2.4
04/16/2019,2.41,N/A,2.41,2.41,2.41
04/15/2019,2.37,N/A,2.37,2.37,2.37
04/12/2019,2.38,N/A,2.38,2.38,2.38
04/11/2019,2.31,N/A,2.31,2.31,2.31
04/10/2019,2.28,N/A,2.28,2.28,2.28
04/09/2019,2.31,N/A,2.31,2.31,2.31
04/08/2019,2.33,N/A,2.33,2.33,2.33
04/05/2019,2.31,N/A,2.31,2.31,2.31
04/04/2019,2.32,N/A,2.32,2.32,2.32
04/03/2019,2.32,N/A,2.32,2.32,2.32
04/02/2019,2.28,N/A,2.28,2.28,2.28
04/01/2019,2.31,N/A,2.31,2.31,2.31
03/29/2019,2.23,N/A,2.23,2.23,2.23
03/28/2019,2.2,N/A,2.2,2.2,2.2
03/27/2019,2.18,N/A,2.18,2.18,2.18
03/26/2019,2.18,N/A,2.18,2.18,2.18
03/25/2019,2.21,N/A,2.21,2.21,2.21
03/22/2019,2.24,N/A,2.24,2.24,2.24
03/21/2019,2.34,N/A,2.34,2.34,2.34
03/20/2019,2.34,N/A,2.34,2.34,2.34
03/19/2019,2.42,N/A,2.42,2.42,2.42
03/18/2019,2.42,N/A,2.42,2.42,2.42
03/15/2019,2.4,N/A,2.4,2.4,2.4
03/14/2019,2.43,N/A,2.43,2.43,2.43
03/13/2019,2.42,N/A,2.42,2.42,2.42
03/12/2019,2.41,N/A,2.41,2.41,2.41
03/11/2019,2.44,N/A,2.44,2.44,2.44
03/08/2019,2.42,N/A,2.42,2.42,2.42
03/07/2019,2.44,N/A,2.44,2.44,2.44
03/06/2019,2.49,N/A,2.49,2.49,2.49
03/05/2019,2.53,N/A,2.53,2.53,2.53
03/04/2019,2.53,N/A,2.53,2.53,2.53
03/01/2019,2.56,N/A,2.56,2.56,2.56
02/28/2019,2.52,N/A,2.52,2.52,2.52
02/27/2019,2.49,N/A,2.49,2.49,2.49
02/26/2019,2.45,N/A,2.45,2.45,2.45
02/25/2019,2.48,N/A,2.48,2.48,2.48
02/22/2019,2.47,N/A,2.47,2.47,2.47
02/21/2019,2.51,N/A,2.51,2.51,2.51
02/20/2019,2.47,N/A,2.47,2.47,2.47
02/19/2019,2.47,N/A,2.47,2.47,2.47
02/18/2019,2.49,N/A,2.49,2.49,2.49
02/15/2019,2.49,N/A,2.49,2.49,2.49
02/14/2019,2.48,N/A,2.48,2.48,2.48
02/13/2019,2.53,N/A,2.53,2.53,2.53
02/12/2019,2.49,N/A,2.49,2.49,2.49
02/11/2019,2.47,N/A,2.47,2.47,2.47
02/08/2019,2.44,N/A,2.44,2.44,2.44
02/07/2019,2.46,N/A,2.46,2.46,2.46
02/06/2019,2.5,N/A,2.5,2.5,2.5
02/05/2019,2.51,N/A,2.51,2.51,2.51
02/04/2019,2.53,N/A,2.53,2.53,2.53
02/01/2019,2.51,N/A,2.51,2.51,2.51
01/31/2019,2.43,N/A,2.43,2.43,2.43
01/30/2019,2.49,N/A,2.49,2.49,2.49
01/29/2019,2.55,N/A,2.55,2.55,2.55
01/28/2019,2.58,N/A,2.58,2.58,2.58
01/25/2019,2.59,N/A,2.59,2.59,2.59
01/24/2019,2.55,N/A,2.55,2.55,2.55
01/23/2019,2.59,N/A,2.59,2.59,2.59
01/22/2019,2.57,N/A,2.57,2.57,2.57
01/21/2019,2.62,N/A,2.62,2.62,2.62
01/18/2019,2.62,N/A,2.62,2.62,2.62
01/17/2019,2.58,N/A,2.58,2.58,2.58
01/16/2019,2.54,N/A,2.54,2.54,2.54
01/15/2019,2.53,N/A,2.53,2.53,2.53
01/14/2019,2.53,N/A,2.53,2.53,2.53
01/11/2019,2.52,N/A,2.52,2.52,2.52
01/10/2019,2.56,N/A,2.56,2.56,2.56
01/09/2019,2.57,N/A,2.57,2.57,2.57
01/08/2019,2.58,N/A,2.58,2.58,2.58
01/07/2019,2.53,N/A,2.53,2.53,2.53
01/04/2019,2.49,N/A,2.49,2.49,2.49
01/03/2019,2.37,N/A,2.37,2.37,2.37
01/02/2019,2.49,N/A,2.49,2.49,2.49
01/01/2019,2.51,N/A,2.51,2.51,2.51
12/31/2018,2.51,N/A,2.51,2.51,2.51
12/28/2018,2.56,N/A,2.56,2.56,2.56
12/27/2018,2.6,N/A,2.6,2.6,2.6
12/26/2018,2.67,N/A,2.67,2.67,2.67
12/25/2018,2.58,N/A,2.58,2.58,2.58
12/24/2018,2.58,N/A,2.58,2.58,2.58
12/21/2018,2.64,N/A,2.64,2.64,2.64
12/20/2018,2.65,N/A,2.65,2.65,2.65
12/19/2018,2.62,N/A,2.62,2.62,2.62
12/18/2018,2.65,N/A,2.65,2.65,2.65
12/17/2018,2.69,N/A,2.69,2.69,2.69
12/14/2018,2.73,N/A,2.73,2.73,2.73
12/13/2018,2.75,N/A,2.75,2.75,2.75
12/12/2018,2.77,N/A,2.77,2.77,2.77
12/11/2018,2.75,N/A,2.75,2.75,2.75
12/10/2018,2.71,N/A,2.71,2.71,2.71
12/07/2018,2.7,N/A,2.7,2.7,2.7
12/06/2018,2.75,N/A,2.75,2.75,2.75
12/04/2018,2.79,N/A,2.79,2.79,2.79
12/03/2018,2.83,N/A,2.83,2.83,2.83
11/30/2018,2.84,N/A,2.84,2.84,2.84
11/29/2018,2.85,N/A,2.85,2.85,2.85
11/28/2018,2.87,N/A,2.87,2.87,2.87
11/27/2018,2.89,N/A,2.89,2.89,2.89
11/26/2018,2.9,N/A,2.9,2.9,2.9
11/23/2018,2.88,N/A,2.88,2.88,2.88
11/22/2018,2.89,N/A,2.89,2.89,2.89
11/21/2018,2.89,N/A,2.89,2.89,2.89
11/20/2018,2.88,N/A,2.88,2.88,2.88
11/19/2018,2.87,N/A,2.87,2.87,2.87
11/16/2018,2.9,N/A,2.9,2.9,2.9
11/15/2018,2.94,N/A,2.94,2.94,2.94
11/14/2018,2.95,N/A,2.95,2.95,2.95
11/13/2018,2.99,N/A,2.99,2.99,2.99
11/12/2018,3.05,N/A,3.05,3.05,3.05
11/09/2018,3.05,N/A,3.05,3.05,3.05
11/08/2018,3.09,N/A,3.09,3.09,3.09
11/07/2018,3.07,N/A,3.07,3.07,3.07
11/06/2018,3.05,N/A,3.05,3.05,3.05
11/05/2018,3.03,N/A,3.03,3.03,3.03
11/02/2018,3.04,N/A,3.04,3.04,3.04
11/01/2018,2.96,N/A,2.96,2.96,2.96
10/31/2018,2.98,N/A,2.98,2.98,2.98
10/30/2018,2.94,N/A,2.94,2.94,2.94
10/29/2018,2.91,N/A,2.91,2.91,2.91
10/26/2018,2.91,N/A,2.91,2.91,2.91
10/25/2018,2.98,N/A,2.98,2.98,2.98
10/24/2018,2.94,N/A,2.94,2.94,2.94
10/23/2018,3.01,N/A,3.01,3.01,3.01
10/22/2018,3.05,N/A,3.05,3.05,3.05
10/19/2018,3.05,N/A,3.05,3.05,3.05
10/18/2018,3.03,N/A,3.03,3.03,3.03
10/17/2018,3.04,N/A,3.04,3.04,3.04
10/16/2018,3.02,N/A,3.02,3.02,3.02
10/15/2018,3.01,N/A,3.01,3.01,3.01
10/12/2018,3,N/A,3,3,3
10/11/2018,3,N/A,3,3,3
10/10/2018,3.05,N/A,3.05,3.05,3.05
10/09/2018,3.05,N/A,3.05,3.05,3.05
10/08/2018,3.07,N/A,3.07,3.07,3.07
10/05/2018,3.07,N/A,3.07,3.07,3.07
10/04/2018,3.05,N/A,3.05,3.05,3.05
10/03/2018,3.02,N/A,3.02,3.02,3.02
10/02/2018,2.94,N/A,2.94,2.94,2.94
10/01/2018,2.96,N/A,2.96,2.96,2.96
09/28/2018,2.94,N/A,2.94,2.94,2.94
09/27/2018,2.96,N/A,2.96,2.96,2.96
09/26/2018,2.96,N/A,2.96,2.96,2.96
09/25/2018,2.99,N/A,2.99,2.99,2.99
09/24/2018,2.96,N/A,2.96,2.96,2.96
09/21/2018,2.95,N/A,2.95,2.95,2.95
09/20/2018,2.96,N/A,2.96,2.96,2.96
09/19/2018,2.96,N/A,2.96,2.96,2.96
09/18/2018,2.94,N/A,2.94,2.94,2.94
09/17/2018,2.89,N/A,2.89,2.89,2.89
09/14/2018,2.9,N/A,2.9,2.9,2.9
09/13/2018,2.87,N/A,2.87,2.87,2.87
09/12/2018,2.87,N/A,2.87,2.87,2.87
09/11/2018,2.87,N/A,2.87,2.87,2.87
09/10/2018,2.83,N/A,2.83,2.83,2.83
09/07/2018,2.82,N/A,2.82,2.82,2.82
09/06/2018,2.76,N/A,2.76,2.76,2.76
09/05/2018,2.77,N/A,2.77,2.77,2.77
09/04/2018,2.78,N/A,2.78,2.78,2.78
09/03/2018,2.74,N/A,2.74,2.74,2.74
08/31/2018,2.74,N/A,2.74,2.74,2.74
08/30/2018,2.75,N/A,2.75,2.75,2.75
08/29/2018,2.78,N/A,2.78,2.78,2.78
08/28/2018,2.77,N/A,2.77,2.77,2.77
08/27/2018,2.74,N/A,2.74,2.74,2.74
08/24/2018,2.72,N/A,2.72,2.72,2.72
08/23/2018,2.72,N/A,2.72,2.72,2.72
08/22/2018,2.7,N/A,2.7,2.7,2.7
08/21/2018,2.73,N/A,2.73,2.73,2.73
08/20/2018,2.7,N/A,2.7,2.7,2.7
08/17/2018,2.75,N/A,2.75,2.75,2.75
08/16/2018,2.75,N/A,2.75,2.75,2.75
08/15/2018,2.73,N/A,2.73,2.73,2.73
08/14/2018,2.77,N/A,2.77,2.77,2.77
08/13/2018,2.75,N/A,2.75,2.75,2.75
08/10/2018,2.75,N/A,2.75,2.75,2.75
08/09/2018,2.8,N/A,2.8,2.8,2.8
08/08/2018,2.83,N/A,2.83,2.83,2.83
08/07/2018,2.84,N/A,2.84,2.84,2.84
08/06/2018,2.8,N/A,2.8,2.8,2.8
08/03/2018,2.82,N/A,2.82,2.82,2.82
08/02/2018,2.85,N/A,2.85,2.85,2.85
08/01/2018,2.87,N/A,2.87,2.87,2.87
07/31/2018,2.85,N/A,2.85,2.85,2.85
07/30/2018,2.85,N/A,2.85,2.85,2.85
07/27/2018,2.84,N/A,2.84,2.84,2.84
07/26/2018,2.86,N/A,2.86,2.86,2.86
07/25/2018,2.82,N/A,2.82,2.82,2.82
07/24/2018,2.83,N/A,2.83,2.83,2.83
07/23/2018,2.83,N/A,2.83,2.83,2.83
07/20/2018,2.77,N/A,2.77,2.77,2.77
07/19/2018,2.74,N/A,2.74,2.74,2.74
07/18/2018,2.77,N/A,2.77,2.77,2.77
07/17/2018,2.76,N/A,2.76,2.76,2.76
07/16/2018,2.75,N/A,2.75,2.75,2.75
07/13/2018,2.73,N/A,2.73,2.73,2.73
07/12/2018,2.75,N/A,2.75,2.75,2.75
07/11/2018,2.74,N/A,2.74,2.74,2.74
07/10/2018,2.77,N/A,2.77,2.77,2.77
07/09/2018,2.75,N/A,2.75,2.75,2.75
07/06/2018,2.71,N/A,2.71,2.71,2.71
07/05/2018,2.74,N/A,2.74,2.74,2.74
07/04/2018,2.72,N/A,2.72,2.72,2.72
07/03/2018,2.72,N/A,2.72,2.72,2.72
07/02/2018,2.75,N/A,2.75,2.75,2.75
06/29/2018,2.73,N/A,2.73,2.73,2.73
06/28/2018,2.73,N/A,2.73,2.73,2.73
06/27/2018,2.71,N/A,2.71,2.71,2.71
06/26/2018,2.75,N/A,2.75,2.75,2.75
06/25/2018,2.75,N/A,2.75,2.75,2.75
06/22/2018,2.77,N/A,2.77,2.77,2.77
06/21/2018,2.77,N/A,2.77,2.77,2.77
06/20/2018,2.8,N/A,2.8,2.8,2.8
06/19/2018,2.77,N/A,2.77,2.77,2.77
06/18/2018,2.8,N/A,2.8,2.8,2.8
06/15/2018,2.81,N/A,2.81,2.81,2.81
06/14/2018,2.81,N/A,2.81,2.81,2.81
06/13/2018,2.85,N/A,2.85,2.85,2.85
06/12/2018,2.81,N/A,2.81,2.81,2.81
06/11/2018,2.8,N/A,2.8,2.8,2.8
06/08/2018,2.77,N/A,2.77,2.77,2.77
06/07/2018,2.77,N/A,2.77,2.77,2.77
06/06/2018,2.81,N/A,2.81,2.81,2.81
06/05/2018,2.76,N/A,2.76,2.76,2.76
06/04/2018,2.78,N/A,2.78,2.78,2.78
06/01/2018,2.74,N/A,2.74,2.74,2.74
05/31/2018,2.68,N/A,2.68,2.68,2.68
05/30/2018,2.67,N/A,2.67,2.67,2.67
05/29/2018,2.58,N/A,2.58,2.58,2.58
05/28/2018,2.76,N/A,2.76,2.76,2.76
05/25/2018,2.76,N/A,2.76,2.76,2.76
05/24/2018,2.82,N/A,2.82,2.82,2.82
05/23/2018,2.83,N/A,2.83,2.83,2.83
05/22/2018,2.9,N/A,2.9,2.9,2.9
05/21/2018,2.9,N/A,2.9,2.9,2.9
05/18/2018,2.9,N/A,2.9,2.9,2.9
05/17/2018,2.94,N/A,2.94,2.94,2.94
05/16/2018,2.94,N/A,2.94,2.94,2.94
05/15/2018,2.92,N/A,2.92,2.92,2.92
05/14/2018,2.85,N/A,2.85,2.85,2.85
05/11/2018,2.84,N/A,2.84,2.84,2.84
05/10/2018,2.83,N/A,2.83,2.83,2.83
05/09/2018,2.84,N/A,2.84,2.84,2.84
05/08/2018,2.81,N/A,2.81,2.81,2.81
05/07/2018,2.78,N/A,2.78,2.78,2.78
05/04/2018,2.78,N/A,2.78,2.78,2.78
05/03/2018,2.78,N/A,2.78,2.78,2.78
05/02/2018,2.8,N/A,2.8,2.8,2.8
05/01/2018,2.82,N/A,2.82,2.82,2.82
04/30/2018,2.82,N/A,2.82,2.82,2.82
04/27/2018,2.82,N/A,2.82,2.82,2.82
04/26/2018,2.82,N/A,2.82,2.82,2.82
04/25/2018,2.84,N/A,2.84,2.84,2.84
04/24/2018,2.83,N/A,2.83,2.83,2.83
04/23/2018,2.83,N/A,2.83,2.83,2.83
04/20/2018,2.8,N/A,2.8,2.8,2.8
04/19/2018,2.77,N/A,2.77,2.77,2.77
04/18/2018,2.73,N/A,2.73,2.73,2.73
04/17/2018,2.68,N/A,2.68,2.68,2.68
04/16/2018,2.69,N/A,2.69,2.69,2.69
04/13/2018,2.67,N/A,2.67,2.67,2.67
04/12/2018,2.67,N/A,2.67,2.67,2.67
04/11/2018,2.62,N/A,2.62,2.62,2.62
04/10/2018,2.62,N/A,2.62,2.62,2.62
04/09/2018,2.6,N/A,2.6,2.6,2.6
04/06/2018,2.58,N/A,2.58,2.58,2.58
04/05/2018,2.64,N/A,2.64,2.64,2.64
04/04/2018,2.61,N/A,2.61,2.61,2.61
04/03/2018,2.6,N/A,2.6,2.6,2.6
04/02/2018,2.55,N/A,2.55,2.55,2.55
03/30/2018,2.56,N/A,2.56,2.56,2.56
03/29/2018,2.56,N/A,2.56,2.56,2.56
03/28/2018,2.59,N/A,2.59,2.59,2.59
03/27/2018,2.58,N/A,2.58,2.58,2.58
03/26/2018,2.64,N/A,2.64,2.64,2.64
03/23/2018,2.61,N/A,2.61,2.61,2.61
03/22/2018,2.63,N/A,2.63,2.63,2.63
03/21/2018,2.69,N/A,2.69,2.69,2.69
03/20/2018,2.69,N/A,2.69,2.69,2.69
03/19/2018,2.65,N/A,2.65,2.65,2.65
03/16/2018,2.65,N/A,2.65,2.65,2.65
03/15/2018,2.62,N/A,2.62,2.62,2.62
03/14/2018,2.61,N/A,2.61,2.61,2.61
03/13/2018,2.62,N/A,2.62,2.62,2.62
03/12/2018,2.64,N/A,2.64,2.64,2.64
03/09/2018,2.65,N/A,2.65,2.65,2.65
03/08/2018,2.63,N/A,2.63,2.63,2.63
03/07/2018,2.65,N/A,2.65,2.65,2.65
03/06/2018,2.65,N/A,2.65,2.65,2.65
03/05/2018,2.65,N/A,2.65,2.65,2.65
03/02/2018,2.63,N/A,2.63,2.63,2.63
03/01/2018,2.58,N/A,2.58,2.58,2.58
02/28/2018,2.65,N/A,2.65,2.65,2.65
02/27/2018,2.67,N/A,2.67,2.67,2.67
02/26/2018,2.6,N/A,2.6,2.6,2.6
02/23/2018,2.62,N/A,2.62,2.62,2.62
02/22/2018,2.66,N/A,2.66,2.66,2.66
02/21/2018,2.69,N/A,2.69,2.69,2.69
02/20/2018,2.65,N/A,2.65,2.65,2.65
02/19/2018,2.63,N/A,2.63,2.63,2.63
02/16/2018,2.63,N/A,2.63,2.63,2.63
02/15/2018,2.65,N/A,2.65,2.65,2.65
02/14/2018,2.65,N/A,2.65,2.65,2.65
02/13/2018,2.54,N/A,2.54,2.54,2.54
02/12/2018,2.56,N/A,2.56,2.56,2.56
02/09/2018,2.52,N/A,2.52,2.52,2.52
02/08/2018,2.57,N/A,2.57,2.57,2.57
02/07/2018,2.57,N/A,2.57,2.57,2.57
02/06/2018,2.52,N/A,2.52,2.52,2.52
02/05/2018,2.5,N/A,2.5,2.5,2.5
02/02/2018,2.58,N/A,2.58,2.58,2.58
02/01/2018,2.56,N/A,2.56,2.56,2.56
01/31/2018,2.52,N/A,2.52,2.52,2.52
01/30/2018,2.51,N/A,2.51,2.51,2.51
01/29/2018,2.49,N/A,2.49,2.49,2.49
01/26/2018,2.47,N/A,2.47,2.47,2.47
01/25/2018,2.41,N/A,2.41,2.41,2.41
01/24/2018,2.43,N/A,2.43,2.43,2.43
01/23/2018,2.43,N/A,2.43,2.43,2.43
01/22/2018,2.46,N/A,2.46,2.46,2.46
01/19/2018,2.45,N/A,2.45,2.45,2.45
01/18/2018,2.43,N/A,2.43,2.43,2.43
01/17/2018,2.39,N/A,2.39,2.39,2.39
01/16/2018,2.36,N/A,2.36,2.36,2.36
01/15/2018,2.35,N/A,2.35,2.35,2.35
01/12/2018,2.35,N/A,2.35,2.35,2.35
01/11/2018,2.32,N/A,2.32,2.32,2.32
01/10/2018,2.32,N/A,2.32,2.32,2.32
01/09/2018,2.33,N/A,2.33,2.33,2.33
01/08/2018,2.29,N/A,2.29,2.29,2.29
01/05/2018,2.29,N/A,2.29,2.29,2.29
01/04/2018,2.27,N/A,2.27,2.27,2.27
01/03/2018,2.25,N/A,2.25,2.25,2.25
01/02/2018,2.25,N/A,2.25,2.25,2.25
01/01/2018,2.2,N/A,2.2,2.2,2.2
12/29/2017,2.2,N/A,2.2,2.2,2.2
12/28/2017,2.23,N/A,2.23,2.23,2.23
12/27/2017,2.22,N/A,2.22,2.22,2.22
12/26/2017,2.25,N/A,2.25,2.25,2.25
12/25/2017,2.26,N/A,2.26,2.26,2.26
12/22/2017,2.26,N/A,2.26,2.26,2.26
12/21/2017,2.26,N/A,2.26,2.26,2.26
12/20/2017,2.24,N/A,2.24,2.24,2.24
12/19/2017,2.23,N/A,2.23,2.23,2.23
12/18/2017,2.17,N/A,2.17,2.17,2.17
12/15/2017,2.16,N/A,2.16,2.16,2.16
12/14/2017,2.14,N/A,2.14,2.14,2.14
12/13/2017,2.12,N/A,2.12,2.12,2.12
12/12/2017,2.18,N/A,2.18,2.18,2.18
12/11/2017,2.16,N/A,2.16,2.16,2.16
12/08/2017,2.14,N/A,2.14,2.14,2.14
12/07/2017,2.14,N/A,2.14,2.14,2.14
12/06/2017,2.11,N/A,2.11,2.11,2.11
12/05/2017,2.15,N/A,2.15,2.15,2.15
12/04/2017,2.15,N/A,2.15,2.15,2.15
12/01/2017,2.13,N/A,2.13,2.13,2.13
11/30/2017,2.09,N/A,2.09,2.09,2.09
11/29/2017,2.09,N/A,2.09,2.09,2.09
11/28/2017,2.07,N/A,2.07,2.07,2.07
11/27/2017,2.06,N/A,2.06,2.06,2.06
11/24/2017,2.07,N/A,2.07,2.07,2.07
11/23/2017,2.05,N/A,2.05,2.05,2.05
11/22/2017,2.05,N/A,2.05,2.05,2.05
11/21/2017,2.11,N/A,2.11,2.11,2.11
11/20/2017,2.09,N/A,2.09,2.09,2.09
11/17/2017,2.06,N/A,2.06,2.06,2.06
11/16/2017,2.07,N/A,2.07,2.07,2.07
11/15/2017,2.04,N/A,2.04,2.04,2.04
11/14/2017,2.06,N/A,2.06,2.06,2.06
11/13/2017,2.08,N/A,2.08,2.08,2.08
11/10/2017,2.06,N/A,2.06,2.06,2.06
11/09/2017,2.01,N/A,2.01,2.01,2.01
11/08/2017,2.01,N/A,2.01,2.01,2.01
11/07/2017,1.99,N/A,1.99,1.99,1.99
11/06/2017,1.99,N/A,1.99,1.99,1.99
11/03/2017,1.99,N/A,1.99,1.99,1.99
11/02/2017,2,N/A,2,2,2
11/01/2017,2.01,N/A,2.01,2.01,2.01
10/31/2017,2,N/A,2,2,2
10/30/2017,2,N/A,2,2,2
10/27/2017,2.03,N/A,2.03,2.03,2.03
10/26/2017,2.07,N/A,2.07,2.07,2.07
10/25/2017,2.06,N/A,2.06,2.06,2.06
10/24/2017,2.05,N/A,2.05,2.05,2.05
10/23/2017,2.01,N/A,2.01,2.01,2.01
10/20/2017,2.03,N/A,2.03,2.03,2.03
10/19/2017,1.98,N/A,1.98,1.98,1.98
10/18/2017,1.99,N/A,1.99,1.99,1.99
10/17/2017,1.97,N/A,1.97,1.97,1.97
10/16/2017,1.95,N/A,1.95,1.95,1.95
10/13/2017,1.91,N/A,1.91,1.91,1.91
10/12/2017,1.95,N/A,1.95,1.95,1.95
10/11/2017,1.95,N/A,1.95,1.95,1.95
10/10/2017,1.95,N/A,1.95,1.95,1.95
10/09/2017,1.97,N/A,1.97,1.97,1.97
10/06/2017,1.97,N/A,1.97,1.97,1.97
10/05/2017,1.94,N/A,1.94,1.94,1.94
10/04/2017,1.92,N/A,1.92,1.92,1.92
10/03/2017,1.92,N/A,1.92,1.92,1.92
10/02/2017,1.94,N/A,1.94,1.94,1.94
09/29/2017,1.92,N/A,1.92,1.92,1.92
09/28/2017,1.89,N/A,1.89,1.89,1.89
09/27/2017,1.91,N/A,1.91,1.91,1.91
09/26/2017,1.87,N/A,1.87,1.87,1.87
09/25/2017,1.85,N/A,1.85,1.85,1.85
09/22/2017,1.88,N/A,1.88,1.88,1.88
09/21/2017,1.89,N/A,1.89,1.89,1.89
09/20/2017,1.89,N/A,1.89,1.89,1.89
09/19/2017,1.84,N/A,1.84,1.84,1.84
09/18/2017,1.83,N/A,1.83,1.83,1.83
09/15/2017,1.81,N/A,1.81,1.81,1.81
09/14/2017,1.79,N/A,1.79,1.79,1.79
09/13/2017,1.78,N/A,1.78,1.78,1.78
09/12/2017,1.75,N/A,1.75,1.75,1.75
09/11/2017,1.71,N/A,1.71,1.71,1.71
09/08/2017,1.64,N/A,1.64,1.64,1.64
09/07/2017,1.63,N/A,1.63,1.63,1.63
09/06/2017,1.69,N/A,1.69,1.69,1.69
09/05/2017,1.65,N/A,1.65,1.65,1.65
09/04/2017,1.73,N/A,1.73,1.73,1.73
09/01/2017,1.73,N/A,1.73,1.73,1.73
08/31/2017,1.7,N/A,1.7,1.7,1.7
08/30/2017,1.72,N/A,1.72,1.72,1.72
08/29/2017,1.7,N/A,1.7,1.7,1.7
08/28/2017,1.74,N/A,1.74,1.74,1.74
08/25/2017,1.77,N/A,1.77,1.77,1.77
08/24/2017,1.78,N/A,1.78,1.78,1.78
08/23/2017,1.76,N/A,1.76,1.76,1.76
08/22/2017,1.8,N/A,1.8,1.8,1.8
08/21/2017,1.76,N/A,1.76,1.76,1.76
08/18/2017,1.77,N/A,1.77,1.77,1.77
08/17/2017,1.76,N/A,1.76,1.76,1.76
08/16/2017,1.79,N/A,1.79,1.79,1.79
08/15/2017,1.83,N/A,1.83,1.83,1.83
08/14/2017,1.77,N/A,1.77,1.77,1.77
08/11/2017,1.74,N/A,1.74,1.74,1.74
08/10/2017,1.78,N/A,1.78,1.78,1.78
08/09/2017,1.81,N/A,1.81,1.81,1.81
08/08/2017,1.84,N/A,1.84,1.84,1.84
08/07/2017,1.81,N/A,1.81,1.81,1.81
08/04/2017,1.82,N/A,1.82,1.82,1.82
08/03/2017,1.79,N/A,1.79,1.79,1.79
08/02/2017,1.82,N/A,1.82,1.82,1.82
08/01/2017,1.8,N/A,1.8,1.8,1.8
07/31/2017,1.84,N/A,1.84,1.84,1.84
07/28/2017,1.83,N/A,1.83,1.83,1.83
07/27/2017,1.84,N/A,1.84,1.84,1.84
07/26/2017,1.83,N/A,1.83,1.83,1.83
07/25/2017,1.9,N/A,1.9,1.9,1.9
07/24/2017,1.83,N/A,1.83,1.83,1.83
07/21/2017,1.81,N/A,1.81,1.81,1.81
07/20/2017,1.82,N/A,1.82,1.82,1.82
07/19/2017,1.83,N/A,1.83,1.83,1.83
07/18/2017,1.82,N/A,1.82,1.82,1.82
07/17/2017,1.86,N/A,1.86,1.86,1.86
07/14/2017,1.87,N/A,1.87,1.87,1.87
07/13/2017,1.89,N/A,1.89,1.89,1.89
07/12/2017,1.88,N/A,1.88,1.88,1.88
07/11/2017,1.92,N/A,1.92,1.92,1.92
07/10/2017,1.93,N/A,1.93,1.93,1.93
07/07/2017,1.95,N/A,1.95,1.95,1.95
07/06/2017,1.94,N/A,1.94,1.94,1.94
07/05/2017,1.92,N/A,1.92,1.92,1.92
07/04/2017,1.93,N/A,1.93,1.93,1.93
07/03/2017,1.93,N/A,1.93,1.93,1.93
06/30/2017,1.89,N/A,1.89,1.89,1.89
06/29/2017,1.85,N/A,1.85,1.85,1.85
06/28/2017,1.81,N/A,1.81,1.81,1.81
06/27/2017,1.83,N/A,1.83,1.83,1.83
06/26/2017,1.77,N/A,1.77,1.77,1.77
06/23/2017,1.77,N/A,1.77,1.77,1.77
06/22/2017,1.76,N/A,1.76,1.76,1.76
06/21/2017,1.78,N/A,1.78,1.78,1.78
06/20/2017,1.77,N/A,1.77,1.77,1.77
06/19/2017,1.8,N/A,1.8,1.8,1.8
06/16/2017,1.75,N/A,1.75,1.75,1.75
06/15/2017,1.76,N/A,1.76,1.76,1.76
06/14/2017,1.74,N/A,1.74,1.74,1.74
06/13/2017,1.79,N/A,1.79,1.79,1.79
06/12/2017,1.78,N/A,1.78,1.78,1.78
06/09/2017,1.77,N/A,1.77,1.77,1.77
06/08/2017,1.75,N/A,1.75,1.75,1.75
06/07/2017,1.74,N/A,1.74,1.74,1.74
06/06/2017,1.71,N/A,1.71,1.71,1.71
06/05/2017,1.74,N/A,1.74,1.74,1.74
06/02/2017,1.71,N/A,1.71,1.71,1.71
06/01/2017,1.76,N/A,1.76,1.76,1.76
05/31/2017,1.75,N/A,1.75,1.75,1.75
05/30/2017,1.76,N/A,1.76,1.76,1.76
05/29/2017,1.79,N/A,1.79,1.79,1.79
05/26/2017,1.79,N/A,1.79,1.79,1.79
05/25/2017,1.78,N/A,1.78,1.78,1.78
05/24/2017,1.79,N/A,1.79,1.79,1.79
05/23/2017,1.84,N/A,1.84,1.84,1.84
05/22/2017,1.8,N/A,1.8,1.8,1.8
05/19/2017,1.79,N/A,1.79,1.79,1.79
05/18/2017,1.78,N/A,1.78,1.78,1.78
05/17/2017,1.76,N/A,1.76,1.76,1.76
05/16/2017,1.86,N/A,1.86,1.86,1.86
05/15/2017,1.86,N/A,1.86,1.86,1.86
05/12/2017,1.85,N/A,1.85,1.85,1.85
05/11/2017,1.93,N/A,1.93,1.93,1.93
05/10/2017,1.94,N/A,1.94,1.94,1.94
05/09/2017,1.94,N/A,1.94,1.94,1.94
05/08/2017,1.91,N/A,1.91,1.91,1.91
05/05/2017,1.89,N/A,1.89,1.89,1.89
05/04/2017,1.88,N/A,1.88,1.88,1.88
05/03/2017,1.86,N/A,1.86,1.86,1.86
05/02/2017,1.81,N/A,1.81,1.81,1.81
05/01/2017,1.84,N/A,1.84,1.84,1.84
04/28/2017,1.81,N/A,1.81,1.81,1.81
04/27/2017,1.81,N/A,1.81,1.81,1.81
04/26/2017,1.84,N/A,1.84,1.84,1.84
04/25/2017,1.87,N/A,1.87,1.87,1.87
04/24/2017,1.81,N/A,1.81,1.81,1.81
04/21/2017,1.77,N/A,1.77,1.77,1.77
04/20/2017,1.78,N/A,1.78,1.78,1.78
04/19/2017,1.74,N/A,1.74,1.74,1.74
04/18/2017,1.71,N/A,1.71,1.71,1.71
04/17/2017,1.79,N/A,1.79,1.79,1.79
04/14/2017,0,N/A,0,0,0
04/13/2017,1.77,N/A,1.77,1.77,1.77
04/12/2017,1.81,N/A,1.81,1.81,1.81
04/11/2017,1.84,N/A,1.84,1.84,1.84
04/10/2017,1.91,N/A,1.91,1.91,1.91
04/07/2017,1.92,N/A,1.92,1.92,1.92
04/06/2017,1.87,N/A,1.87,1.87,1.87
04/05/2017,1.85,N/A,1.85,1.85,1.85
04/04/2017,1.88,N/A,1.88,1.88,1.88
04/03/2017,1.88,N/A,1.88,1.88,1.88
03/31/2017,1.93,N/A,1.93,1.93,1.93
03/30/2017,1.96,N/A,1.96,1.96,1.96
03/29/2017,1.93,N/A,1.93,1.93,1.93
03/28/2017,1.97,N/A,1.97,1.97,1.97
03/27/2017,1.93,N/A,1.93,1.93,1.93
03/24/2017,1.93,N/A,1.93,1.93,1.93
03/23/2017,1.95,N/A,1.95,1.95,1.95
03/22/2017,1.95,N/A,1.95,1.95,1.95
03/21/2017,1.96,N/A,1.96,1.96,1.96
03/20/2017,2,N/A,2,2,2
03/17/2017,2.03,N/A,2.03,2.03,2.03
03/16/2017,2.05,N/A,2.05,2.05,2.05
03/15/2017,2.02,N/A,2.02,2.02,2.02
03/14/2017,2.13,N/A,2.13,2.13,2.13
03/13/2017,2.14,N/A,2.14,2.14,2.14
03/10/2017,2.11,N/A,2.11,2.11,2.11
03/09/2017,2.13,N/A,2.13,2.13,2.13
03/08/2017,2.08,N/A,2.08,2.08,2.08
03/07/2017,2.05,N/A,2.05,2.05,2.05
03/06/2017,2.02,N/A,2.02,2.02,2.02
03/03/2017,2.02,N/A,2.02,2.02,2.02
03/02/2017,2.03,N/A,2.03,2.03,2.03
03/01/2017,1.99,N/A,1.99,1.99,1.99
02/28/2017,1.89,N/A,1.89,1.89,1.89
02/27/2017,1.87,N/A,1.87,1.87,1.87
02/24/2017,1.8,N/A,1.8,1.8,1.8
02/23/2017,1.87,N/A,1.87,1.87,1.87
02/22/2017,1.92,N/A,1.92,1.92,1.92
02/21/2017,1.93,N/A,1.93,1.93,1.93
02/20/2017,1.92,N/A,1.92,1.92,1.92
02/17/2017,1.92,N/A,1.92,1.92,1.92
02/16/2017,1.95,N/A,1.95,1.95,1.95
02/15/2017,2.01,N/A,2.01,2.01,2.01
02/14/2017,1.98,N/A,1.98,1.98,1.98
02/13/2017,1.92,N/A,1.92,1.92,1.92
02/10/2017,1.89,N/A,1.89,1.89,1.89
02/09/2017,1.88,N/A,1.88,1.88,1.88
02/08/2017,1.81,N/A,1.81,1.81,1.81
02/07/2017,1.85,N/A,1.85,1.85,1.85
02/06/2017,1.86,N/A,1.86,1.86,1.86
02/03/2017,1.93,N/A,1.93,1.93,1.93
02/02/2017,1.92,N/A,1.92,1.92,1.92
02/01/2017,1.93,N/A,1.93,1.93,1.93
01/31/2017,1.9,N/A,1.9,1.9,1.9
01/30/2017,1.94,N/A,1.94,1.94,1.94
01/27/2017,1.94,N/A,1.94,1.94,1.94
01/26/2017,1.95,N/A,1.95,1.95,1.95
01/25/2017,1.99,N/A,1.99,1.99,1.99
01/24/2017,1.94,N/A,1.94,1.94,1.94
01/23/2017,1.88,N/A,1.88,1.88,1.88
01/20/2017,1.95,N/A,1.95,1.95,1.95
01/19/2017,1.97,N/A,1.97,1.97,1.97
01/18/2017,1.93,N/A,1.93,1.93,1.93
01/17/2017,1.84,N/A,1.84,1.84,1.84
01/16/2017,1.9,N/A,1.9,1.9,1.9
01/13/2017,1.9,N/A,1.9,1.9,1.9
01/12/2017,1.87,N/A,1.87,1.87,1.87
01/11/2017,1.89,N/A,1.89,1.89,1.89
01/10/2017,1.89,N/A,1.89,1.89,1.89
01/09/2017,1.89,N/A,1.89,1.89,1.89
01/06/2017,1.92,N/A,1.92,1.92,1.92
01/05/2017,1.86,N/A,1.86,1.86,1.86
01/04/2017,1.94,N/A,1.94,1.94,1.94
01/03/2017,1.94,N/A,1.94,1.94,1.94
01/02/2017,1.93,N/A,1.93,1.93,1.93
12/30/2016,1.93,N/A,1.93,1.93,1.93
12/29/2016,1.96,N/A,1.96,1.96,1.96
12/28/2016,2.02,N/A,2.02,2.02,2.02
12/27/2016,2.07,N/A,2.07,2.07,2.07
12/26/2016,2.04,N/A,2.04,2.04,2.04
12/23/2016,2.04,N/A,2.04,2.04,2.04
12/22/2016,2.04,N/A,2.04,2.04,2.04
12/21/2016,2.04,N/A,2.04,2.04,2.04
12/20/2016,2.06,N/A,2.06,2.06,2.06
12/19/2016,2.03,N/A,2.03,2.03,2.03
12/16/2016,2.07,N/A,2.07,2.07,2.07
12/15/2016,2.1,N/A,2.1,2.1,2.1
12/14/2016,2.02,N/A,2.02,2.02,2.02
12/13/2016,1.92,N/A,1.92,1.92,1.92
12/12/2016,1.9,N/A,1.9,1.9,1.9
12/09/2016,1.89,N/A,1.89,1.89,1.89
12/08/2016,1.83,N/A,1.83,1.83,1.83
12/07/2016,1.8,N/A,1.8,1.8,1.8
12/06/2016,1.84,N/A,1.84,1.84,1.84
12/05/2016,1.84,N/A,1.84,1.84,1.84
12/02/2016,1.84,N/A,1.84,1.84,1.84
12/01/2016,1.9,N/A,1.9,1.9,1.9
11/30/2016,1.83,N/A,1.83,1.83,1.83
11/29/2016,1.78,N/A,1.78,1.78,1.78
11/28/2016,1.8,N/A,1.8,1.8,1.8
11/25/2016,1.83,N/A,1.83,1.83,1.83
11/24/2016,1.83,N/A,1.83,1.83,1.83
11/23/2016,1.83,N/A,1.83,1.83,1.83
11/22/2016,1.77,N/A,1.77,1.77,1.77
11/21/2016,1.79,N/A,1.79,1.79,1.79
11/18/2016,1.8,N/A,1.8,1.8,1.8
11/17/2016,1.73,N/A,1.73,1.73,1.73
11/16/2016,1.68,N/A,1.68,1.68,1.68
11/15/2016,1.68,N/A,1.68,1.68,1.68
11/14/2016,1.66,N/A,1.66,1.66,1.66
11/11/2016,1.56,N/A,1.56,1.56,1.56
11/10/2016,1.56,N/A,1.56,1.56,1.56
11/09/2016,1.49,N/A,1.49,1.49,1.49
11/08/2016,1.34,N/A,1.34,1.34,1.34
11/07/2016,1.29,N/A,1.29,1.29,1.29
11/04/2016,1.24,N/A,1.24,1.24,1.24
11/03/2016,1.26,N/A,1.26,1.26,1.26
11/02/2016,1.26,N/A,1.26,1.26,1.26
11/01/2016,1.3,N/A,1.3,1.3,1.3
10/31/2016,1.31,N/A,1.31,1.31,1.31
10/28/2016,1.33,N/A,1.33,1.33,1.33
10/27/2016,1.33,N/A,1.33,1.33,1.33
10/26/2016,1.3,N/A,1.3,1.3,1.3
10/25/2016,1.29,N/A,1.29,1.29,1.29
10/24/2016,1.27,N/A,1.27,1.27,1.27
10/21/2016,1.25,N/A,1.25,1.25,1.25
10/20/2016,1.26,N/A,1.26,1.26,1.26
10/19/2016,1.24,N/A,1.24,1.24,1.24
10/18/2016,1.24,N/A,1.24,1.24,1.24
10/17/2016,1.26,N/A,1.26,1.26,1.26
10/14/2016,1.28,N/A,1.28,1.28,1.28
10/13/2016,1.27,N/A,1.27,1.27,1.27
10/12/2016,1.31,N/A,1.31,1.31,1.31
10/11/2016,1.3,N/A,1.3,1.3,1.3
10/10/2016,1.26,N/A,1.26,1.26,1.26
10/07/2016,1.26,N/A,1.26,1.26,1.26
10/06/2016,1.28,N/A,1.28,1.28,1.28
10/05/2016,1.26,N/A,1.26,1.26,1.26
10/04/2016,1.22,N/A,1.22,1.22,1.22
10/03/2016,1.18,N/A,1.18,1.18,1.18
09/30/2016,1.14,N/A,1.14,1.14,1.14
09/29/2016,1.12,N/A,1.12,1.12,1.12
09/28/2016,1.13,N/A,1.13,1.13,1.13
09/27/2016,1.12,N/A,1.12,1.12,1.12
09/26/2016,1.13,N/A,1.13,1.13,1.13
09/23/2016,1.16,N/A,1.16,1.16,1.16
09/22/2016,1.18,N/A,1.18,1.18,1.18
09/21/2016,1.2,N/A,1.2,1.2,1.2
09/20/2016,1.2,N/A,1.2,1.2,1.2
09/19/2016,1.22,N/A,1.22,1.22,1.22
09/16/2016,1.21,N/A,1.21,1.21,1.21
09/15/2016,1.2,N/A,1.2,1.2,1.2
09/14/2016,1.21,N/A,1.21,1.21,1.21
09/13/2016,1.26,N/A,1.26,1.26,1.26
09/12/2016,1.21,N/A,1.21,1.21,1.21
09/09/2016,1.23,N/A,1.23,1.23,1.23
09/08/2016,1.19,N/A,1.19,1.19,1.19
09/07/2016,1.12,N/A,1.12,1.12,1.12
09/06/2016,1.13,N/A,1.13,1.13,1.13
09/05/2016,1.2,N/A,1.2,1.2,1.2
09/02/2016,1.2,N/A,1.2,1.2,1.2
09/01/2016,1.18,N/A,1.18,1.18,1.18
08/31/2016,1.19,N/A,1.19,1.19,1.19
08/30/2016,1.18,N/A,1.18,1.18,1.18
08/29/2016,1.18,N/A,1.18,1.18,1.18
08/26/2016,1.23,N/A,1.23,1.23,1.23
08/25/2016,1.16,N/A,1.16,1.16,1.16
08/24/2016,1.13,N/A,1.13,1.13,1.13
08/23/2016,1.15,N/A,1.15,1.15,1.15
08/22/2016,1.15,N/A,1.15,1.15,1.15
08/19/2016,1.17,N/A,1.17,1.17,1.17
08/18/2016,1.12,N/A,1.12,1.12,1.12
08/17/2016,1.15,N/A,1.15,1.15,1.15
08/16/2016,1.16,N/A,1.16,1.16,1.16
08/15/2016,1.14,N/A,1.14,1.14,1.14
08/12/2016,1.1,N/A,1.1,1.1,1.1
08/11/2016,1.16,N/A,1.16,1.16,1.16
08/10/2016,1.07,N/A,1.07,1.07,1.07
08/09/2016,1.11,N/A,1.11,1.11,1.11
08/08/2016,1.15,N/A,1.15,1.15,1.15
08/05/2016,1.13,N/A,1.13,1.13,1.13
08/04/2016,1.03,N/A,1.03,1.03,1.03
08/03/2016,1.07,N/A,1.07,1.07,1.07
08/02/2016,1.07,N/A,1.07,1.07,1.07
08/01/2016,1.06,N/A,1.06,1.06,1.06
07/29/2016,1.1,N/A,1.1,1.1,1.1
07/28/2016,1.1,N/A,1.1,1.1,1.1
07/27/2016,1.1,N/A,1.1,1.1,1.1
07/26/2016,1.15,N/A,1.15,1.15,1.15
07/25/2016,1.15,N/A,1.15,1.15,1.15
07/22/2016,1.13,N/A,1.13,1.13,1.13
07/21/2016,1.11,N/A,1.11,1.11,1.11
07/20/2016,1.15,N/A,1.15,1.15,1.15
07/19/2016,1.12,N/A,1.12,1.12,1.12
07/18/2016,1.14,N/A,1.14,1.14,1.14
07/15/2016,1.15,N/A,1.15,1.15,1.15
07/14/2016,1.1,N/A,1.1,1.1,1.1
07/13/2016,1.07,N/A,1.07,1.07,1.07
07/12/2016,1.1,N/A,1.1,1.1,1.1
07/11/2016,1.03,N/A,1.03,1.03,1.03
07/08/2016,0.95,N/A,0.95,0.95,0.95
07/07/2016,0.97,N/A,0.97,0.97,0.97
07/06/2016,0.95,N/A,0.95,0.95,0.95
07/05/2016,0.94,N/A,0.94,0.94,0.94
07/04/2016,1,N/A,1,1,1
07/01/2016,1,N/A,1,1,1
06/30/2016,1.03,N/A,1.03,1.03,1.03
06/29/2016,1.03,N/A,1.03,1.03,1.03
06/28/2016,1,N/A,1,1,1
06/27/2016,1,N/A,1,1,1
06/24/2016,1.08,N/A,1.08,1.08,1.08
06/23/2016,1.25,N/A,1.25,1.25,1.25
06/22/2016,1.2,N/A,1.2,1.2,1.2
06/21/2016,1.22,N/A,1.22,1.22,1.22
06/20/2016,1.17,N/A,1.17,1.17,1.17
06/17/2016,1.13,N/A,1.13,1.13,1.13
06/16/2016,1.1,N/A,1.1,1.1,1.1
06/15/2016,1.1,N/A,1.1,1.1,1.1
06/14/2016,1.15,N/A,1.15,1.15,1.15
06/13/2016,1.14,N/A,1.14,1.14,1.14
06/10/2016,1.17,N/A,1.17,1.17,1.17
06/09/2016,1.22,N/A,1.22,1.22,1.22
06/08/2016,1.23,N/A,1.23,1.23,1.23
06/07/2016,1.23,N/A,1.23,1.23,1.23
06/06/2016,1.25,N/A,1.25,1.25,1.25
06/03/2016,1.23,N/A,1.23,1.23,1.23
06/02/2016,1.36,N/A,1.36,1.36,1.36
06/01/2016,1.39,N/A,1.39,1.39,1.39
05/31/2016,1.37,N/A,1.37,1.37,1.37
05/30/2016,1.39,N/A,1.39,1.39,1.39
05/27/2016,1.39,N/A,1.39,1.39,1.39
05/26/2016,1.35,N/A,1.35,1.35,1.35
05/25/2016,1.4,N/A,1.4,1.4,1.4
05/24/2016,1.41,N/A,1.41,1.41,1.41
05/23/2016,1.38,N/A,1.38,1.38,1.38
05/20/2016,1.38,N/A,1.38,1.38,1.38
05/19/2016,1.38,N/A,1.38,1.38,1.38
05/18/2016,1.41,N/A,1.41,1.41,1.41
05/17/2016,1.29,N/A,1.29,1.29,1.29
05/16/2016,1.26,N/A,1.26,1.26,1.26
05/13/2016,1.22,N/A,1.22,1.22,1.22
05/12/2016,1.24,N/A,1.24,1.24,1.24
05/11/2016,1.2,N/A,1.2,1.2,1.2
05/10/2016,1.2,N/A,1.2,1.2,1.2
05/09/2016,1.2,N/A,1.2,1.2,1.2
05/06/2016,1.23,N/A,1.23,1.23,1.23
05/05/2016,1.2,N/A,1.2,1.2,1.2
05/04/2016,1.23,N/A,1.23,1.23,1.23
05/03/2016,1.25,N/A,1.25,1.25,1.25
05/02/2016,1.32,N/A,1.32,1.32,1.32
04/29/2016,1.28,N/A,1.28,1.28,1.28
04/28/2016,1.28,N/A,1.28,1.28,1.28
04/27/2016,1.33,N/A,1.33,1.33,1.33
04/26/2016,1.4,N/A,1.4,1.4,1.4
04/25/2016,1.38,N/A,1.38,1.38,1.38
04/22/2016,1.37,N/A,1.37,1.37,1.37
04/21/2016,1.35,N/A,1.35,1.35,1.35
04/20/2016,1.32,N/A,1.32,1.32,1.32
04/19/2016,1.26,N/A,1.26,1.26,1.26
04/18/2016,1.24,N/A,1.24,1.24,1.24
04/15/2016,1.22,N/A,1.22,1.22,1.22
04/14/2016,1.26,N/A,1.26,1.26,1.26
04/13/2016,1.22,N/A,1.22,1.22,1.22
04/12/2016,1.22,N/A,1.22,1.22,1.22
04/11/2016,1.16,N/A,1.16,1.16,1.16
04/08/2016,1.16,N/A,1.16,1.16,1.16
04/07/2016,1.14,N/A,1.14,1.14,1.14
04/06/2016,1.2,N/A,1.2,1.2,1.2
04/05/2016,1.17,N/A,1.17,1.17,1.17
04/04/2016,1.22,N/A,1.22,1.22,1.22
04/01/2016,1.24,N/A,1.24,1.24,1.24
03/31/2016,1.21,N/A,1.21,1.21,1.21
03/30/2016,1.26,N/A,1.26,1.26,1.26
03/29/2016,1.29,N/A,1.29,1.29,1.29
03/28/2016,1.37,N/A,1.37,1.37,1.37
03/25/2016,1.39,N/A,1.39,1.39,1.39
03/24/2016,1.39,N/A,1.39,1.39,1.39
03/23/2016,1.37,N/A,1.37,1.37,1.37
03/22/2016,1.42,N/A,1.42,1.42,1.42
03/21/2016,1.38,N/A,1.38,1.38,1.38
03/18/2016,1.34,N/A,1.34,1.34,1.34
03/17/2016,1.39,N/A,1.39,1.39,1.39
03/16/2016,1.41,N/A,1.41,1.41,1.41
03/15/2016,1.5,N/A,1.5,1.5,1.5
03/14/2016,1.49,N/A,1.49,1.49,1.49
03/11/2016,1.49,N/A,1.49,1.49,1.49
03/10/2016,1.45,N/A,1.45,1.45,1.45
03/09/2016,1.39,N/A,1.39,1.39,1.39
03/08/2016,1.34,N/A,1.34,1.34,1.34
03/07/2016,1.42,N/A,1.42,1.42,1.42
03/04/2016,1.38,N/A,1.38,1.38,1.38
03/03/2016,1.33,N/A,1.33,1.33,1.33
03/02/2016,1.34,N/A,1.34,1.34,1.34
03/01/2016,1.31,N/A,1.31,1.31,1.31
02/29/2016,1.16,N/A,1.16,1.16,1.16
02/26/2016,1.16,N/A,1.16,1.16,1.16
02/25/2016,1.16,N/A,1.16,1.16,1.16
02/24/2016,1.21,N/A,1.21,1.21,1.21
02/23/2016,1.23,N/A,1.23,1.23,1.23
02/22/2016,1.25,N/A,1.25,1.25,1.25
02/19/2016,1.24,N/A,1.24,1.24,1.24
02/18/2016,1.21,N/A,1.21,1.21,1.21
02/17/2016,1.26,N/A,1.26,1.26,1.26
02/16/2016,1.23,N/A,1.23,1.23,1.23
02/15/2016,1.2,N/A,1.2,1.2,1.2
02/12/2016,1.2,N/A,1.2,1.2,1.2
02/11/2016,1.11,N/A,1.11,1.11,1.11
02/10/2016,1.15,N/A,1.15,1.15,1.15
02/09/2016,1.15,N/A,1.15,1.15,1.15
02/08/2016,1.16,N/A,1.16,1.16,1.16
02/05/2016,1.25,N/A,1.25,1.25,1.25
02/04/2016,1.25,N/A,1.25,1.25,1.25
02/03/2016,1.27,N/A,1.27,1.27,1.27
02/02/2016,1.28,N/A,1.28,1.28,1.28
02/01/2016,1.38,N/A,1.38,1.38,1.38
01/29/2016,1.33,N/A,1.33,1.33,1.33
01/28/2016,1.4,N/A,1.4,1.4,1.4
01/27/2016,1.43,N/A,1.43,1.43,1.43
01/26/2016,1.45,N/A,1.45,1.45,1.45
01/25/2016,1.47,N/A,1.47,1.47,1.47
01/22/2016,1.49,N/A,1.49,1.49,1.49
01/21/2016,1.44,N/A,1.44,1.44,1.44
01/20/2016,1.44,N/A,1.44,1.44,1.44
01/19/2016,1.49,N/A,1.49,1.49,1.49
01/18/2016,1.46,N/A,1.46,1.46,1.46
01/15/2016,1.46,N/A,1.46,1.46,1.46
01/14/2016,1.52,N/A,1.52,1.52,1.52
01/13/2016,1.51,N/A,1.51,1.51,1.51
01/12/2016,1.55,N/A,1.55,1.55,1.55
01/11/2016,1.58,N/A,1.58,1.58,1.58
01/08/2016,1.57,N/A,1.57,1.57,1.57
01/07/2016,1.61,N/A,1.61,1.61,1.61
01/06/2016,1.65,N/A,1.65,1.65,1.65
01/05/2016,1.73,N/A,1.73,1.73,1.73
01/04/2016,1.73,N/A,1.73,1.73,1.73
01/01/2016,1.76,N/A,1.76,1.76,1.76
12/31/2015,1.76,N/A,1.76,1.76,1.76
12/30/2015,1.8,N/A,1.8,1.8,1.8
12/29/2015,1.81,N/A,1.81,1.81,1.81
12/28/2015,1.73,N/A,1.73,1.73,1.73
12/25/2015,1.73,N/A,1.73,1.73,1.73
12/24/2015,1.73,N/A,1.73,1.73,1.73
12/23/2015,1.74,N/A,1.74,1.74,1.74
12/22/2015,1.71,N/A,1.71,1.71,1.71
12/21/2015,1.67,N/A,1.67,1.67,1.67
12/18/2015,1.67,N/A,1.67,1.67,1.67
12/17/2015,1.73,N/A,1.73,1.73,1.73
12/16/2015,1.75,N/A,1.75,1.75,1.75
12/15/2015,1.71,N/A,1.71,1.71,1.71
12/14/2015,1.66,N/A,1.66,1.66,1.66
12/11/2015,1.56,N/A,1.56,1.56,1.56
12/10/2015,1.68,N/A,1.68,1.68,1.68
12/09/2015,1.64,N/A,1.64,1.64,1.64
12/08/2015,1.68,N/A,1.68,1.68,1.68
12/07/2015,1.67,N/A,1.67,1.67,1.67
12/04/2015,1.71,N/A,1.71,1.71,1.71
12/03/2015,1.74,N/A,1.74,1.74,1.74
12/02/2015,1.63,N/A,1.63,1.63,1.63
12/01/2015,1.59,N/A,1.59,1.59,1.59
11/30/2015,1.7,N/A,1.7,1.7,1.7
11/27/2015,1.7,N/A,1.7,1.7,1.7
11/26/2015,1.7,N/A,1.7,1.7,1.7
11/25/2015,1.7,N/A,1.7,1.7,1.7
11/24/2015,1.7,N/A,1.7,1.7,1.7
11/23/2015,1.7,N/A,1.7,1.7,1.7
11/20/2015,1.7,N/A,1.7,1.7,1.7
11/19/2015,1.68,N/A,1.68,1.68,1.68
11/18/2015,1.69,N/A,1.69,1.69,1.69
11/17/2015,1.66,N/A,1.66,1.66,1.66
11/16/2015,1.66,N/A,1.66,1.66,1.66
11/13/2015,1.67,N/A,1.67,1.67,1.67
11/12/2015,1.73,N/A,1.73,1.73,1.73
11/11/2015,1.72,N/A,1.72,1.72,1.72
11/10/2015,1.72,N/A,1.72,1.72,1.72
11/09/2015,1.75,N/A,1.75,1.75,1.75
11/06/2015,1.73,N/A,1.73,1.73,1.73
11/05/2015,1.65,N/A,1.65,1.65,1.65
11/04/2015,1.64,N/A,1.64,1.64,1.64
11/03/2015,1.59,N/A,1.59,1.59,1.59
11/02/2015,1.57,N/A,1.57,1.57,1.57
10/30/2015,1.52,N/A,1.52,1.52,1.52
10/29/2015,1.53,N/A,1.53,1.53,1.53
10/28/2015,1.47,N/A,1.47,1.47,1.47
10/27/2015,1.38,N/A,1.38,1.38,1.38
10/26/2015,1.41,N/A,1.41,1.41,1.41
10/23/2015,1.43,N/A,1.43,1.43,1.43
10/22/2015,1.36,N/A,1.36,1.36,1.36
10/21/2015,1.37,N/A,1.37,1.37,1.37
10/20/2015,1.4,N/A,1.4,1.4,1.4
10/19/2015,1.35,N/A,1.35,1.35,1.35
10/16/2015,1.36,N/A,1.36,1.36,1.36
10/15/2015,1.34,N/A,1.34,1.34,1.34
10/14/2015,1.29,N/A,1.29,1.29,1.29
10/13/2015,1.36,N/A,1.36,1.36,1.36
10/12/2015,1.41,N/A,1.41,1.41,1.41
10/09/2015,1.41,N/A,1.41,1.41,1.41
10/08/2015,1.4,N/A,1.4,1.4,1.4
10/07/2015,1.37,N/A,1.37,1.37,1.37
10/06/2015,1.34,N/A,1.34,1.34,1.34
10/05/2015,1.35,N/A,1.35,1.35,1.35
10/02/2015,1.29,N/A,1.29,1.29,1.29
10/01/2015,1.37,N/A,1.37,1.37,1.37
09/30/2015,1.37,N/A,1.37,1.37,1.37
09/29/2015,1.37,N/A,1.37,1.37,1.37
09/28/2015,1.42,N/A,1.42,1.42,1.42
09/25/2015,1.48,N/A,1.48,1.48,1.48
09/24/2015,1.44,N/A,1.44,1.44,1.44
09/23/2015,1.47,N/A,1.47,1.47,1.47
09/22/2015,1.44,N/A,1.44,1.44,1.44
09/21/2015,1.51,N/A,1.51,1.51,1.51
09/18/2015,1.45,N/A,1.45,1.45,1.45
09/17/2015,1.5,N/A,1.5,1.5,1.5
09/16/2015,1.62,N/A,1.62,1.62,1.62
09/15/2015,1.61,N/A,1.61,1.61,1.61
09/14/2015,1.51,N/A,1.51,1.51,1.51
09/11/2015,1.52,N/A,1.52,1.52,1.52
09/10/2015,1.55,N/A,1.55,1.55,1.55
09/09/2015,1.53,N/A,1.53,1.53,1.53
09/08/2015,1.53,N/A,1.53,1.53,1.53
09/07/2015,1.47,N/A,1.47,1.47,1.47
09/04/2015,1.47,N/A,1.47,1.47,1.47
09/03/2015,1.49,N/A,1.49,1.49,1.49
09/02/2015,1.52,N/A,1.52,1.52,1.52
09/01/2015,1.49,N/A,1.49,1.49,1.49
08/31/2015,1.54,N/A,1.54,1.54,1.54
08/28/2015,1.52,N/A,1.52,1.52,1.52
08/27/2015,1.49,N/A,1.49,1.49,1.49
08/26/2015,1.49,N/A,1.49,1.49,1.49
08/25/2015,1.48,N/A,1.48,1.48,1.48
08/24/2015,1.39,N/A,1.39,1.39,1.39
08/21/2015,1.44,N/A,1.44,1.44,1.44
08/20/2015,1.5,N/A,1.5,1.5,1.5
08/19/2015,1.5,N/A,1.5,1.5,1.5
08/18/2015,1.6,N/A,1.6,1.6,1.6
08/17/2015,1.58,N/A,1.58,1.58,1.58
08/14/2015,1.61,N/A,1.61,1.61,1.61
08/13/2015,1.58,N/A,1.58,1.58,1.58
08/12/2015,1.52,N/A,1.52,1.52,1.52
08/11/2015,1.53,N/A,1.53,1.53,1.53
08/10/2015,1.62,N/A,1.62,1.62,1.62
08/07/2015,1.59,N/A,1.59,1.59,1.59
08/06/2015,1.62,N/A,1.62,1.62,1.62
08/05/2015,1.65,N/A,1.65,1.65,1.65
08/04/2015,1.6,N/A,1.6,1.6,1.6
08/03/2015,1.52,N/A,1.52,1.52,1.52
07/31/2015,1.54,N/A,1.54,1.54,1.54
07/30/2015,1.62,N/A,1.62,1.62,1.62
07/29/2015,1.62,N/A,1.62,1.62,1.62
07/28/2015,1.61,N/A,1.61,1.61,1.61
07/27/2015,1.58,N/A,1.58,1.58,1.58
07/24/2015,1.64,N/A,1.64,1.64,1.64
07/23/2015,1.65,N/A,1.65,1.65,1.65
07/22/2015,1.69,N/A,1.69,1.69,1.69
07/21/2015,1.69,N/A,1.69,1.69,1.69
07/20/2015,1.72,N/A,1.72,1.72,1.72
07/17/2015,1.67,N/A,1.67,1.67,1.67
07/16/2015,1.66,N/A,1.66,1.66,1.66
07/15/2015,1.63,N/A,1.63,1.63,1.63
07/14/2015,1.67,N/A,1.67,1.67,1.67
07/13/2015,1.71,N/A,1.71,1.71,1.71
07/10/2015,1.68,N/A,1.68,1.68,1.68
07/09/2015,1.58,N/A,1.58,1.58,1.58
07/08/2015,1.5,N/A,1.5,1.5,1.5
07/07/2015,1.55,N/A,1.55,1.55,1.55
07/06/2015,1.56,N/A,1.56,1.56,1.56
07/03/2015,1.64,N/A,1.64,1.64,1.64
07/02/2015,1.64,N/A,1.64,1.64,1.64
07/01/2015,1.7,N/A,1.7,1.7,1.7
06/30/2015,1.63,N/A,1.63,1.63,1.63
06/29/2015,1.62,N/A,1.62,1.62,1.62
06/26/2015,1.75,N/A,1.75,1.75,1.75
06/25/2015,1.7,N/A,1.7,1.7,1.7
06/24/2015,1.69,N/A,1.69,1.69,1.69
06/23/2015,1.71,N/A,1.71,1.71,1.71
06/22/2015,1.68,N/A,1.68,1.68,1.68
06/19/2015,1.59,N/A,1.59,1.59,1.59
06/18/2015,1.65,N/A,1.65,1.65,1.65
06/17/2015,1.63,N/A,1.63,1.63,1.63
06/16/2015,1.68,N/A,1.68,1.68,1.68
06/15/2015,1.71,N/A,1.71,1.71,1.71
06/12/2015,1.75,N/A,1.75,1.75,1.75
06/11/2015,1.74,N/A,1.74,1.74,1.74
06/10/2015,1.8,N/A,1.8,1.8,1.8
06/09/2015,1.74,N/A,1.74,1.74,1.74
06/08/2015,1.72,N/A,1.72,1.72,1.72
06/05/2015,1.75,N/A,1.75,1.75,1.75
06/04/2015,1.65,N/A,1.65,1.65,1.65
06/03/2015,1.69,N/A,1.69,1.69,1.69
06/02/2015,1.61,N/A,1.61,1.61,1.61
06/01/2015,1.55,N/A,1.55,1.55,1.55
05/29/2015,1.49,N/A,1.49,1.49,1.49
05/28/2015,1.51,N/A,1.51,1.51,1.51
05/27/2015,1.53,N/A,1.53,1.53,1.53
05/26/2015,1.54,N/A,1.54,1.54,1.54
05/25/2015,1.57,N/A,1.57,1.57,1.57
05/22/2015,1.57,N/A,1.57,1.57,1.57
05/21/2015,1.53,N/A,1.53,1.53,1.53
05/20/2015,1.57,N/A,1.57,1.57,1.57
05/19/2015,1.6,N/A,1.6,1.6,1.6
05/18/2015,1.54,N/A,1.54,1.54,1.54
05/15/2015,1.46,N/A,1.46,1.46,1.46
05/14/2015,1.51,N/A,1.51,1.51,1.51
05/13/2015,1.57,N/A,1.57,1.57,1.57
05/12/2015,1.58,N/A,1.58,1.58,1.58
05/11/2015,1.59,N/A,1.59,1.59,1.59
05/08/2015,1.5,N/A,1.5,1.5,1.5
05/07/2015,1.55,N/A,1.55,1.55,1.55
05/06/2015,1.58,N/A,1.58,1.58,1.58
05/05/2015,1.54,N/A,1.54,1.54,1.54
05/04/2015,1.51,N/A,1.51,1.51,1.51
05/01/2015,1.5,N/A,1.5,1.5,1.5
04/30/2015,1.43,N/A,1.43,1.43,1.43
04/29/2015,1.43,N/A,1.43,1.43,1.43
04/28/2015,1.39,N/A,1.39,1.39,1.39
04/27/2015,1.36,N/A,1.36,1.36,1.36
04/24/2015,1.34,N/A,1.34,1.34,1.34
04/23/2015,1.37,N/A,1.37,1.37,1.37
04/22/2015,1.41,N/A,1.41,1.41,1.41
04/21/2015,1.35,N/A,1.35,1.35,1.35
04/20/2015,1.33,N/A,1.33,1.33,1.33
04/17/2015,1.31,N/A,1.31,1.31,1.31
04/16/2015,1.31,N/A,1.31,1.31,1.31
04/15/2015,1.33,N/A,1.33,1.33,1.33
04/14/2015,1.34,N/A,1.34,1.34,1.34
04/13/2015,1.38,N/A,1.38,1.38,1.38
04/10/2015,1.41,N/A,1.41,1.41,1.41
04/09/2015,1.4,N/A,1.4,1.4,1.4
04/08/2015,1.35,N/A,1.35,1.35,1.35
04/07/2015,1.32,N/A,1.32,1.32,1.32
04/06/2015,1.31,N/A,1.31,1.31,1.31
04/03/2015,1.26,N/A,1.26,1.26,1.26
04/02/2015,1.35,N/A,1.35,1.35,1.35
04/01/2015,1.32,N/A,1.32,1.32,1.32
03/31/2015,1.37,N/A,1.37,1.37,1.37
03/30/2015,1.41,N/A,1.41,1.41,1.41
03/27/2015,1.42,N/A,1.42,1.42,1.42
03/26/2015,1.47,N/A,1.47,1.47,1.47
03/25/2015,1.41,N/A,1.41,1.41,1.41
03/24/2015,1.37,N/A,1.37,1.37,1.37
03/23/2015,1.41,N/A,1.41,1.41,1.41
03/20/2015,1.42,N/A,1.42,1.42,1.42
03/19/2015,1.48,N/A,1.48,1.48,1.48
03/18/2015,1.41,N/A,1.41,1.41,1.41
03/17/2015,1.56,N/A,1.56,1.56,1.56
03/16/2015,1.57,N/A,1.57,1.57,1.57
03/13/2015,1.6,N/A,1.6,1.6,1.6
03/12/2015,1.59,N/A,1.59,1.59,1.59
03/11/2015,1.6,N/A,1.6,1.6,1.6
03/10/2015,1.62,N/A,1.62,1.62,1.62
03/09/2015,1.66,N/A,1.66,1.66,1.66
03/06/2015,1.7,N/A,1.7,1.7,1.7
03/05/2015,1.57,N/A,1.57,1.57,1.57
03/04/2015,1.6,N/A,1.6,1.6,1.6
03/03/2015,1.61,N/A,1.61,1.61,1.61
03/02/2015,1.57,N/A,1.57,1.57,1.57
02/27/2015,1.5,N/A,1.5,1.5,1.5
02/26/2015,1.54,N/A,1.54,1.54,1.54
02/25/2015,1.47,N/A,1.47,1.47,1.47
02/24/2015,1.47,N/A,1.47,1.47,1.47
02/23/2015,1.56,N/A,1.56,1.56,1.56
02/20/2015,1.61,N/A,1.61,1.61,1.61
02/19/2015,1.58,N/A,1.58,1.58,1.58
02/18/2015,1.52,N/A,1.52,1.52,1.52
02/17/2015,1.62,N/A,1.62,1.62,1.62
02/16/2015,1.53,N/A,1.53,1.53,1.53
02/13/2015,1.53,N/A,1.53,1.53,1.53
02/12/2015,1.5,N/A,1.5,1.5,1.5
02/11/2015,1.53,N/A,1.53,1.53,1.53
02/10/2015,1.52,N/A,1.52,1.52,1.52
02/09/2015,1.49,N/A,1.49,1.49,1.49
02/06/2015,1.48,N/A,1.48,1.48,1.48
02/05/2015,1.3,N/A,1.3,1.3,1.3
02/04/2015,1.29,N/A,1.29,1.29,1.29
02/03/2015,1.28,N/A,1.28,1.28,1.28
02/02/2015,1.19,N/A,1.19,1.19,1.19
01/30/2015,1.18,N/A,1.18,1.18,1.18
01/29/2015,1.28,N/A,1.28,1.28,1.28
01/28/2015,1.25,N/A,1.25,1.25,1.25
01/27/2015,1.34,N/A,1.34,1.34,1.34
01/26/2015,1.36,N/A,1.36,1.36,1.36
01/23/2015,1.33,N/A,1.33,1.33,1.33
01/22/2015,1.39,N/A,1.39,1.39,1.39
01/21/2015,1.35,N/A,1.35,1.35,1.35
01/20/2015,1.31,N/A,1.31,1.31,1.31
01/19/2015,1.29,N/A,1.29,1.29,1.29
01/16/2015,1.29,N/A,1.29,1.29,1.29
01/15/2015,1.22,N/A,1.22,1.22,1.22
01/14/2015,1.33,N/A,1.33,1.33,1.33
01/13/2015,1.37,N/A,1.37,1.37,1.37
01/12/2015,1.39,N/A,1.39,1.39,1.39
01/09/2015,1.45,N/A,1.45,1.45,1.45
01/08/2015,1.5,N/A,1.5,1.5,1.5
01/07/2015,1.47,N/A,1.47,1.47,1.47
01/06/2015,1.5,N/A,1.5,1.5,1.5
01/05/2015,1.57,N/A,1.57,1.57,1.57
01/02/2015,1.61,N/A,1.61,1.61,1.61
01/01/2015,1.65,N/A,1.65,1.65,1.65
12/31/2014,1.65,N/A,1.65,1.65,1.65
12/30/2014,1.68,N/A,1.68,1.68,1.68
12/29/2014,1.72,N/A,1.72,1.72,1.72
12/26/2014,1.75,N/A,1.75,1.75,1.75
12/25/2014,1.76,N/A,1.76,1.76,1.76
12/24/2014,1.76,N/A,1.76,1.76,1.76
12/23/2014,1.76,N/A,1.76,1.76,1.76
12/22/2014,1.67,N/A,1.67,1.67,1.67
12/19/2014,1.66,N/A,1.66,1.66,1.66
12/18/2014,1.68,N/A,1.68,1.68,1.68
12/17/2014,1.61,N/A,1.61,1.61,1.61
12/16/2014,1.53,N/A,1.53,1.53,1.53
12/15/2014,1.58,N/A,1.58,1.58,1.58
12/12/2014,1.53,N/A,1.53,1.53,1.53
12/11/2014,1.62,N/A,1.62,1.62,1.62
12/10/2014,1.58,N/A,1.58,1.58,1.58
12/09/2014,1.63,N/A,1.63,1.63,1.63
12/08/2014,1.67,N/A,1.67,1.67,1.67
12/05/2014,1.69,N/A,1.69,1.69,1.69
12/04/2014,1.59,N/A,1.59,1.59,1.59
12/03/2014,1.61,N/A,1.61,1.61,1.61
12/02/2014,1.59,N/A,1.59,1.59,1.59
12/01/2014,1.52,N/A,1.52,1.52,1.52
11/28/2014,1.49,N/A,1.49,1.49,1.49
11/27/2014,1.56,N/A,1.56,1.56,1.56
11/26/2014,1.56,N/A,1.56,1.56,1.56
11/25/2014,1.58,N/A,1.58,1.58,1.58
11/24/2014,1.62,N/A,1.62,1.62,1.62
11/21/2014,1.63,N/A,1.63,1.63,1.63
11/20/2014,1.64,N/A,1.64,1.64,1.64
11/19/2014,1.66,N/A,1.66,1.66,1.66
11/18/2014,1.63,N/A,1.63,1.63,1.63
11/17/2014,1.64,N/A,1.64,1.64,1.64
11/14/2014,1.62,N/A,1.62,1.62,1.62
11/13/2014,1.64,N/A,1.64,1.64,1.64
11/12/2014,1.65,N/A,1.65,1.65,1.65
11/11/2014,1.65,N/A,1.65,1.65,1.65
11/10/2014,1.65,N/A,1.65,1.65,1.65
11/07/2014,1.6,N/A,1.6,1.6,1.6
11/06/2014,1.67,N/A,1.67,1.67,1.67
11/05/2014,1.63,N/A,1.63,1.63,1.63
11/04/2014,1.63,N/A,1.63,1.63,1.63
11/03/2014,1.63,N/A,1.63,1.63,1.63
10/31/2014,1.62,N/A,1.62,1.62,1.62
10/30/2014,1.58,N/A,1.58,1.58,1.58
10/29/2014,1.61,N/A,1.61,1.61,1.61
10/28/2014,1.53,N/A,1.53,1.53,1.53
10/27/2014,1.51,N/A,1.51,1.51,1.51
10/24/2014,1.52,N/A,1.52,1.52,1.52
10/23/2014,1.52,N/A,1.52,1.52,1.52
10/22/2014,1.46,N/A,1.46,1.46,1.46
10/21/2014,1.44,N/A,1.44,1.44,1.44
10/20/2014,1.41,N/A,1.41,1.41,1.41
10/17/2014,1.44,N/A,1.44,1.44,1.44
10/16/2014,1.39,N/A,1.39,1.39,1.39
10/15/2014,1.37,N/A,1.37,1.37,1.37
10/14/2014,1.45,N/A,1.45,1.45,1.45
10/13/2014,1.55,N/A,1.55,1.55,1.55
10/10/2014,1.55,N/A,1.55,1.55,1.55
10/09/2014,1.58,N/A,1.58,1.58,1.58
10/08/2014,1.57,N/A,1.57,1.57,1.57
10/07/2014,1.64,N/A,1.64,1.64,1.64
10/06/2014,1.7,N/A,1.7,1.7,1.7
10/03/2014,1.73,N/A,1.73,1.73,1.73
10/02/2014,1.7,N/A,1.7,1.7,1.7
10/01/2014,1.69,N/A,1.69,1.69,1.69
09/30/2014,1.78,N/A,1.78,1.78,1.78
09/29/2014,1.77,N/A,1.77,1.77,1.77
09/26/2014,1.8,N/A,1.8,1.8,1.8
09/25/2014,1.75,N/A,1.75,1.75,1.75
09/24/2014,1.82,N/A,1.82,1.82,1.82
09/23/2014,1.78,N/A,1.78,1.78,1.78
09/22/2014,1.8,N/A,1.8,1.8,1.8
09/19/2014,1.83,N/A,1.83,1.83,1.83
09/18/2014,1.85,N/A,1.85,1.85,1.85
09/17/2014,1.82,N/A,1.82,1.82,1.82
09/16/2014,1.78,N/A,1.78,1.78,1.78
09/15/2014,1.8,N/A,1.8,1.8,1.8
09/12/2014,1.83,N/A,1.83,1.83,1.83
09/11/2014,1.79,N/A,1.79,1.79,1.79
09/10/2014,1.79,N/A,1.79,1.79,1.79
09/09/2014,1.76,N/A,1.76,1.76,1.76
09/08/2014,1.72,N/A,1.72,1.72,1.72
09/05/2014,1.69,N/A,1.69,1.69,1.69
09/04/2014,1.71,N/A,1.71,1.71,1.71
09/03/2014,1.69,N/A,1.69,1.69,1.69
09/02/2014,1.69,N/A,1.69,1.69,1.69
09/01/2014,1.63,N/A,1.63,1.63,1.63
08/29/2014,1.63,N/A,1.63,1.63,1.63
08/28/2014,1.63,N/A,1.63,1.63,1.63
08/27/2014,1.65,N/A,1.65,1.65,1.65
08/26/2014,1.68,N/A,1.68,1.68,1.68
08/25/2014,1.69,N/A,1.69,1.69,1.69
08/22/2014,1.68,N/A,1.68,1.68,1.68
08/21/2014,1.64,N/A,1.64,1.64,1.64
08/20/2014,1.65,N/A,1.65,1.65,1.65
08/19/2014,1.59,N/A,1.59,1.59,1.59
08/18/2014,1.58,N/A,1.58,1.58,1.58
08/15/2014,1.55,N/A,1.55,1.55,1.55
08/14/2014,1.58,N/A,1.58,1.58,1.58
08/13/2014,1.59,N/A,1.59,1.59,1.59
08/12/2014,1.63,N/A,1.63,1.63,1.63
08/11/2014,1.62,N/A,1.62,1.62,1.62
08/08/2014,1.62,N/A,1.62,1.62,1.62
08/07/2014,1.6,N/A,1.6,1.6,1.6
08/06/2014,1.66,N/A,1.66,1.66,1.66
08/05/2014,1.66,N/A,1.66,1.66,1.66
08/04/2014,1.66,N/A,1.66,1.66,1.66
08/01/2014,1.67,N/A,1.67,1.67,1.67
07/31/2014,1.76,N/A,1.76,1.76,1.76
07/30/2014,1.77,N/A,1.77,1.77,1.77
07/29/2014,1.7,N/A,1.7,1.7,1.7
07/28/2014,1.73,N/A,1.73,1.73,1.73
07/25/2014,1.69,N/A,1.69,1.69,1.69
07/24/2014,1.72,N/A,1.72,1.72,1.72
07/23/2014,1.67,N/A,1.67,1.67,1.67
07/22/2014,1.68,N/A,1.68,1.68,1.68
07/21/2014,1.7,N/A,1.7,1.7,1.7
07/18/2014,1.69,N/A,1.69,1.69,1.69
07/17/2014,1.65,N/A,1.65,1.65,1.65
07/16/2014,1.71,N/A,1.71,1.71,1.71
07/15/2014,1.7,N/A,1.7,1.7,1.7
07/14/2014,1.68,N/A,1.68,1.68,1.68
07/11/2014,1.65,N/A,1.65,1.65,1.65
07/10/2014,1.66,N/A,1.66,1.66,1.66
07/09/2014,1.68,N/A,1.68,1.68,1.68
07/08/2014,1.7,N/A,1.7,1.7,1.7
07/07/2014,1.74,N/A,1.74,1.74,1.74
07/04/2014,1.74,N/A,1.74,1.74,1.74
07/03/2014,1.74,N/A,1.74,1.74,1.74
07/02/2014,1.71,N/A,1.71,1.71,1.71
07/01/2014,1.66,N/A,1.66,1.66,1.66
06/30/2014,1.62,N/A,1.62,1.62,1.62
06/27/2014,1.64,N/A,1.64,1.64,1.64
06/26/2014,1.64,N/A,1.64,1.64,1.64
06/25/2014,1.68,N/A,1.68,1.68,1.68
06/24/2014,1.7,N/A,1.7,1.7,1.7
06/23/2014,1.72,N/A,1.72,1.72,1.72
06/20/2014,1.71,N/A,1.71,1.71,1.71
06/19/2014,1.71,N/A,1.71,1.71,1.71
06/18/2014,1.71,N/A,1.71,1.71,1.71
06/17/2014,1.77,N/A,1.77,1.77,1.77
06/16/2014,1.71,N/A,1.71,1.71,1.71
06/13/2014,1.7,N/A,1.7,1.7,1.7
06/12/2014,1.66,N/A,1.66,1.66,1.66
06/11/2014,1.7,N/A,1.7,1.7,1.7
06/10/2014,1.71,N/A,1.71,1.71,1.71
06/09/2014,1.69,N/A,1.69,1.69,1.69
06/06/2014,1.66,N/A,1.66,1.66,1.66
06/05/2014,1.63,N/A,1.63,1.63,1.63
06/04/2014,1.65,N/A,1.65,1.65,1.65
06/03/2014,1.65,N/A,1.65,1.65,1.65
06/02/2014,1.6,N/A,1.6,1.6,1.6
05/30/2014,1.54,N/A,1.54,1.54,1.54
05/29/2014,1.52,N/A,1.52,1.52,1.52
05/28/2014,1.5,N/A,1.5,1.5,1.5
05/27/2014,1.56,N/A,1.56,1.56,1.56
05/26/2014,1.55,N/A,1.55,1.55,1.55
05/23/2014,1.55,N/A,1.55,1.55,1.55
05/22/2014,1.57,N/A,1.57,1.57,1.57
05/21/2014,1.55,N/A,1.55,1.55,1.55
05/20/2014,1.53,N/A,1.53,1.53,1.53
05/19/2014,1.56,N/A,1.56,1.56,1.56
05/16/2014,1.56,N/A,1.56,1.56,1.56
05/15/2014,1.55,N/A,1.55,1.55,1.55
05/14/2014,1.57,N/A,1.57,1.57,1.57
05/13/2014,1.62,N/A,1.62,1.62,1.62
05/12/2014,1.67,N/A,1.67,1.67,1.67
05/09/2014,1.63,N/A,1.63,1.63,1.63
05/08/2014,1.63,N/A,1.63,1.63,1.63
05/07/2014,1.65,N/A,1.65,1.65,1.65
05/06/2014,1.68,N/A,1.68,1.68,1.68
05/05/2014,1.68,N/A,1.68,1.68,1.68
05/02/2014,1.67,N/A,1.67,1.67,1.67
05/01/2014,1.66,N/A,1.66,1.66,1.66
04/30/2014,1.69,N/A,1.69,1.69,1.69
04/29/2014,1.74,N/A,1.74,1.74,1.74
04/28/2014,1.73,N/A,1.73,1.73,1.73
04/25/2014,1.72,N/A,1.72,1.72,1.72
04/24/2014,1.74,N/A,1.74,1.74,1.74
04/23/2014,1.73,N/A,1.73,1.73,1.73
04/22/2014,1.76,N/A,1.76,1.76,1.76
04/21/2014,1.74,N/A,1.74,1.74,1.74
04/18/2014,1.75,N/A,1.75,1.75,1.75
04/17/2014,1.75,N/A,1.75,1.75,1.75
04/16/2014,1.67,N/A,1.67,1.67,1.67
04/15/2014,1.63,N/A,1.63,1.63,1.63
04/14/2014,1.61,N/A,1.61,1.61,1.61
04/11/2014,1.58,N/A,1.58,1.58,1.58
04/10/2014,1.59,N/A,1.59,1.59,1.59
04/09/2014,1.65,N/A,1.65,1.65,1.65
04/08/2014,1.67,N/A,1.67,1.67,1.67
04/07/2014,1.68,N/A,1.68,1.68,1.68
04/04/2014,1.71,N/A,1.71,1.71,1.71
04/03/2014,1.79,N/A,1.79,1.79,1.79
04/02/2014,1.8,N/A,1.8,1.8,1.8
04/01/2014,1.74,N/A,1.74,1.74,1.74
03/31/2014,1.73,N/A,1.73,1.73,1.73
03/28/2014,1.74,N/A,1.74,1.74,1.74
03/27/2014,1.7,N/A,1.7,1.7,1.7
03/26/2014,1.7,N/A,1.7,1.7,1.7
03/25/2014,1.76,N/A,1.76,1.76,1.76
03/24/2014,1.76,N/A,1.76,1.76,1.76
03/21/2014,1.73,N/A,1.73,1.73,1.73
03/20/2014,1.73,N/A,1.73,1.73,1.73
03/19/2014,1.75,N/A,1.75,1.75,1.75
03/18/2014,1.56,N/A,1.56,1.56,1.56
03/17/2014,1.58,N/A,1.58,1.58,1.58
03/14/2014,1.55,N/A,1.55,1.55,1.55
03/13/2014,1.53,N/A,1.53,1.53,1.53
03/12/2014,1.59,N/A,1.59,1.59,1.59
03/11/2014,1.62,N/A,1.62,1.62,1.62
03/10/2014,1.64,N/A,1.64,1.64,1.64
03/07/2014,1.65,N/A,1.65,1.65,1.65
03/06/2014,1.57,N/A,1.57,1.57,1.57
03/05/2014,1.54,N/A,1.54,1.54,1.54
03/04/2014,1.54,N/A,1.54,1.54,1.54
03/03/2014,1.46,N/A,1.46,1.46,1.46
02/28/2014,1.51,N/A,1.51,1.51,1.51
02/27/2014,1.49,N/A,1.49,1.49,1.49
02/26/2014,1.5,N/A,1.5,1.5,1.5
02/25/2014,1.53,N/A,1.53,1.53,1.53
02/24/2014,1.57,N/A,1.57,1.57,1.57
02/21/2014,1.56,N/A,1.56,1.56,1.56
02/20/2014,1.57,N/A,1.57,1.57,1.57
02/19/2014,1.53,N/A,1.53,1.53,1.53
02/18/2014,1.5,N/A,1.5,1.5,1.5
02/17/2014,1.53,N/A,1.53,1.53,1.53
02/14/2014,1.53,N/A,1.53,1.53,1.53
02/13/2014,1.51,N/A,1.51,1.51,1.51
02/12/2014,1.59,N/A,1.59,1.59,1.59
02/11/2014,1.54,N/A,1.54,1.54,1.54
02/10/2014,1.48,N/A,1.48,1.48,1.48
02/07/2014,1.47,N/A,1.47,1.47,1.47
02/06/2014,1.52,N/A,1.52,1.52,1.52
02/05/2014,1.5,N/A,1.5,1.5,1.5
02/04/2014,1.46,N/A,1.46,1.46,1.46
02/03/2014,1.44,N/A,1.44,1.44,1.44
01/31/2014,1.49,N/A,1.49,1.49,1.49
01/30/2014,1.55,N/A,1.55,1.55,1.55
01/29/2014,1.52,N/A,1.52,1.52,1.52
01/28/2014,1.59,N/A,1.59,1.59,1.59
01/27/2014,1.61,N/A,1.61,1.61,1.61
01/24/2014,1.58,N/A,1.58,1.58,1.58
01/23/2014,1.62,N/A,1.62,1.62,1.62
01/22/2014,1.72,N/A,1.72,1.72,1.72
01/21/2014,1.67,N/A,1.67,1.67,1.67
01/20/2014,1.64,N/A,1.64,1.64,1.64
01/17/2014,1.64,N/A,1.64,1.64,1.64
01/16/2014,1.66,N/A,1.66,1.66,1.66
01/15/2014,1.68,N/A,1.68,1.68,1.68
01/14/2014,1.65,N/A,1.65,1.65,1.65
01/13/2014,1.6,N/A,1.6,1.6,1.6
01/10/2014,1.64,N/A,1.64,1.64,1.64
01/09/2014,1.75,N/A,1.75,1.75,1.75
01/08/2014,1.77,N/A,1.77,1.77,1.77
01/07/2014,1.69,N/A,1.69,1.69,1.69
01/06/2014,1.7,N/A,1.7,1.7,1.7
01/03/2014,1.73,N/A,1.73,1.73,1.73
01/02/2014,1.72,N/A,1.72,1.72,1.72
01/01/2014,1.75,N/A,1.75,1.75,1.75
12/31/2013,1.75,N/A,1.75,1.75,1.75
12/30/2013,1.71,N/A,1.71,1.71,1.71
12/27/2013,1.74,N/A,1.74,1.74,1.74
12/26/2013,1.74,N/A,1.74,1.74,1.74
12/25/2013,1.73,N/A,1.73,1.73,1.73
12/24/2013,1.73,N/A,1.73,1.73,1.73
12/23/2013,1.68,N/A,1.68,1.68,1.68
12/20/2013,1.66,N/A,1.66,1.66,1.66
12/19/2013,1.63,N/A,1.63,1.63,1.63
12/18/2013,1.55,N/A,1.55,1.55,1.55
12/17/2013,1.52,N/A,1.52,1.52,1.52
12/16/2013,1.55,N/A,1.55,1.55,1.55
12/13/2013,1.55,N/A,1.55,1.55,1.55
12/12/2013,1.55,N/A,1.55,1.55,1.55
12/11/2013,1.5,N/A,1.5,1.5,1.5
12/10/2013,1.46,N/A,1.46,1.46,1.46
12/09/2013,1.5,N/A,1.5,1.5,1.5
12/06/2013,1.51,N/A,1.51,1.51,1.51
12/05/2013,1.49,N/A,1.49,1.49,1.49
12/04/2013,1.45,N/A,1.45,1.45,1.45
12/03/2013,1.4,N/A,1.4,1.4,1.4
12/02/2013,1.43,N/A,1.43,1.43,1.43
11/29/2013,1.37,N/A,1.37,1.37,1.37
11/28/2013,1.36,N/A,1.36,1.36,1.36
11/27/2013,1.36,N/A,1.36,1.36,1.36
11/26/2013,1.34,N/A,1.34,1.34,1.34
11/25/2013,1.37,N/A,1.37,1.37,1.37
11/22/2013,1.37,N/A,1.37,1.37,1.37
11/21/2013,1.38,N/A,1.38,1.38,1.38
11/20/2013,1.39,N/A,1.39,1.39,1.39
11/19/2013,1.37,N/A,1.37,1.37,1.37
11/18/2013,1.33,N/A,1.33,1.33,1.33
11/15/2013,1.36,N/A,1.36,1.36,1.36
11/14/2013,1.34,N/A,1.34,1.34,1.34
11/13/2013,1.41,N/A,1.41,1.41,1.41
11/12/2013,1.47,N/A,1.47,1.47,1.47
11/11/2013,1.42,N/A,1.42,1.42,1.42
11/08/2013,1.42,N/A,1.42,1.42,1.42
11/07/2013,1.31,N/A,1.31,1.31,1.31
11/06/2013,1.34,N/A,1.34,1.34,1.34
11/05/2013,1.39,N/A,1.39,1.39,1.39
11/04/2013,1.36,N/A,1.36,1.36,1.36
11/01/2013,1.37,N/A,1.37,1.37,1.37
10/31/2013,1.31,N/A,1.31,1.31,1.31
10/30/2013,1.3,N/A,1.3,1.3,1.3
10/29/2013,1.29,N/A,1.29,1.29,1.29
10/28/2013,1.31,N/A,1.31,1.31,1.31
10/25/2013,1.3,N/A,1.3,1.3,1.3
10/24/2013,1.32,N/A,1.32,1.32,1.32
10/23/2013,1.3,N/A,1.3,1.3,1.3
10/22/2013,1.3,N/A,1.3,1.3,1.3
10/21/2013,1.38,N/A,1.38,1.38,1.38
10/18/2013,1.35,N/A,1.35,1.35,1.35
10/17/2013,1.35,N/A,1.35,1.35,1.35
10/16/2013,1.41,N/A,1.41,1.41,1.41
10/15/2013,1.45,N/A,1.45,1.45,1.45
10/14/2013,1.42,N/A,1.42,1.42,1.42
10/11/2013,1.42,N/A,1.42,1.42,1.42
10/10/2013,1.44,N/A,1.44,1.44,1.44
10/09/2013,1.43,N/A,1.43,1.43,1.43
10/08/2013,1.43,N/A,1.43,1.43,1.43
10/07/2013,1.41,N/A,1.41,1.41,1.41
10/04/2013,1.41,N/A,1.41,1.41,1.41
10/03/2013,1.36,N/A,1.36,1.36,1.36
10/02/2013,1.38,N/A,1.38,1.38,1.38
10/01/2013,1.42,N/A,1.42,1.42,1.42
09/30/2013,1.39,N/A,1.39,1.39,1.39
09/27/2013,1.4,N/A,1.4,1.4,1.4
09/26/2013,1.43,N/A,1.43,1.43,1.43
09/25/2013,1.41,N/A,1.41,1.41,1.41
09/24/2013,1.44,N/A,1.44,1.44,1.44
09/23/2013,1.48,N/A,1.48,1.48,1.48
09/20/2013,1.5,N/A,1.5,1.5,1.5
09/19/2013,1.49,N/A,1.49,1.49,1.49
09/18/2013,1.43,N/A,1.43,1.43,1.43
09/17/2013,1.62,N/A,1.62,1.62,1.62
09/16/2013,1.65,N/A,1.65,1.65,1.65
09/13/2013,1.71,N/A,1.71,1.71,1.71
09/12/2013,1.72,N/A,1.72,1.72,1.72
09/11/2013,1.72,N/A,1.72,1.72,1.72
09/10/2013,1.78,N/A,1.78,1.78,1.78
09/09/2013,1.71,N/A,1.71,1.71,1.71
09/06/2013,1.77,N/A,1.77,1.77,1.77
09/05/2013,1.85,N/A,1.85,1.85,1.85
09/04/2013,1.74,N/A,1.74,1.74,1.74
09/03/2013,1.68,N/A,1.68,1.68,1.68
09/02/2013,1.62,N/A,1.62,1.62,1.62
08/30/2013,1.62,N/A,1.62,1.62,1.62
08/29/2013,1.6,N/A,1.6,1.6,1.6
08/28/2013,1.62,N/A,1.62,1.62,1.62
08/27/2013,1.56,N/A,1.56,1.56,1.56
08/26/2013,1.61,N/A,1.61,1.61,1.61
08/23/2013,1.66,N/A,1.66,1.66,1.66
08/22/2013,1.71,N/A,1.71,1.71,1.71
08/21/2013,1.64,N/A,1.64,1.64,1.64
08/20/2013,1.57,N/A,1.57,1.57,1.57
08/19/2013,1.63,N/A,1.63,1.63,1.63
08/16/2013,1.6,N/A,1.6,1.6,1.6
08/15/2013,1.54,N/A,1.54,1.54,1.54
08/14/2013,1.48,N/A,1.48,1.48,1.48
08/13/2013,1.49,N/A,1.49,1.49,1.49
08/12/2013,1.39,N/A,1.39,1.39,1.39
08/09/2013,1.36,N/A,1.36,1.36,1.36
08/08/2013,1.36,N/A,1.36,1.36,1.36
08/07/2013,1.38,N/A,1.38,1.38,1.38
08/06/2013,1.39,N/A,1.39,1.39,1.39
08/05/2013,1.39,N/A,1.39,1.39,1.39
08/02/2013,1.36,N/A,1.36,1.36,1.36
08/01/2013,1.49,N/A,1.49,1.49,1.49
07/31/2013,1.38,N/A,1.38,1.38,1.38
07/30/2013,1.39,N/A,1.39,1.39,1.39
07/29/2013,1.37,N/A,1.37,1.37,1.37
07/26/2013,1.36,N/A,1.36,1.36,1.36
07/25/2013,1.38,N/A,1.38,1.38,1.38
07/24/2013,1.4,N/A,1.4,1.4,1.4
07/23/2013,1.33,N/A,1.33,1.33,1.33
07/22/2013,1.32,N/A,1.32,1.32,1.32
07/19/2013,1.31,N/A,1.31,1.31,1.31
07/18/2013,1.35,N/A,1.35,1.35,1.35
07/17/2013,1.33,N/A,1.33,1.33,1.33
07/16/2013,1.38,N/A,1.38,1.38,1.38
07/15/2013,1.4,N/A,1.4,1.4,1.4
07/12/2013,1.43,N/A,1.43,1.43,1.43
07/11/2013,1.4,N/A,1.4,1.4,1.4
07/10/2013,1.54,N/A,1.54,1.54,1.54
07/09/2013,1.5,N/A,1.5,1.5,1.5
07/08/2013,1.51,N/A,1.51,1.51,1.51
07/05/2013,1.6,N/A,1.6,1.6,1.6
07/04/2013,1.42,N/A,1.42,1.42,1.42
07/03/2013,1.42,N/A,1.42,1.42,1.42
07/02/2013,1.38,N/A,1.38,1.38,1.38
07/01/2013,1.39,N/A,1.39,1.39,1.39
06/28/2013,1.41,N/A,1.41,1.41,1.41
06/27/2013,1.38,N/A,1.38,1.38,1.38
06/26/2013,1.45,N/A,1.45,1.45,1.45
06/25/2013,1.49,N/A,1.49,1.49,1.49
06/24/2013,1.48,N/A,1.48,1.48,1.48
06/21/2013,1.42,N/A,1.42,1.42,1.42
06/20/2013,1.31,N/A,1.31,1.31,1.31
06/19/2013,1.24,N/A,1.24,1.24,1.24
06/18/2013,1.07,N/A,1.07,1.07,1.07
06/17/2013,1.06,N/A,1.06,1.06,1.06
06/14/2013,1.04,N/A,1.04,1.04,1.04
06/13/2013,1.11,N/A,1.11,1.11,1.11
06/12/2013,1.15,N/A,1.15,1.15,1.15
06/11/2013,1.12,N/A,1.12,1.12,1.12
06/10/2013,1.13,N/A,1.13,1.13,1.13
06/07/2013,1.1,N/A,1.1,1.1,1.1
06/06/2013,1.01,N/A,1.01,1.01,1.01
06/05/2013,1.02,N/A,1.02,1.02,1.02
06/04/2013,1.05,N/A,1.05,1.05,1.05
06/03/2013,1.03,N/A,1.03,1.03,1.03
05/31/2013,1.05,N/A,1.05,1.05,1.05
05/30/2013,1.01,N/A,1.01,1.01,1.01
05/29/2013,1.02,N/A,1.02,1.02,1.02
05/28/2013,1.02,N/A,1.02,1.02,1.02
05/27/2013,0.9,N/A,0.9,0.9,0.9
05/24/2013,0.9,N/A,0.9,0.9,0.9
05/23/2013,0.91,N/A,0.91,0.91,0.91
05/22/2013,0.91,N/A,0.91,0.91,0.91
05/21/2013,0.84,N/A,0.84,0.84,0.84
05/20/2013,0.85,N/A,0.85,0.85,0.85
05/17/2013,0.84,N/A,0.84,0.84,0.84
05/16/2013,0.79,N/A,0.79,0.79,0.79
05/15/2013,0.84,N/A,0.84,0.84,0.84
05/14/2013,0.85,N/A,0.85,0.85,0.85
05/13/2013,0.83,N/A,0.83,0.83,0.83
05/10/2013,0.82,N/A,0.82,0.82,0.82
05/09/2013,0.75,N/A,0.75,0.75,0.75
05/08/2013,0.75,N/A,0.75,0.75,0.75
05/07/2013,0.75,N/A,0.75,0.75,0.75
05/06/2013,0.74,N/A,0.74,0.74,0.74
05/03/2013,0.73,N/A,0.73,0.73,0.73
05/02/2013,0.65,N/A,0.65,0.65,0.65
05/01/2013,0.65,N/A,0.65,0.65,0.65
04/30/2013,0.68,N/A,0.68,0.68,0.68
04/29/2013,0.68,N/A,0.68,0.68,0.68
04/26/2013,0.68,N/A,0.68,0.68,0.68
04/25/2013,0.71,N/A,0.71,0.71,0.71
04/24/2013,0.7,N/A,0.7,0.7,0.7
04/23/2013,0.71,N/A,0.71,0.71,0.71
04/22/2013,0.7,N/A,0.7,0.7,0.7
04/19/2013,0.72,N/A,0.72,0.72,0.72
04/18/2013,0.71,N/A,0.71,0.71,0.71
04/17/2013,0.71,N/A,0.71,0.71,0.71
04/16/2013,0.71,N/A,0.71,0.71,0.71
04/15/2013,0.69,N/A,0.69,0.69,0.69
04/12/2013,0.7,N/A,0.7,0.7,0.7
04/11/2013,0.74,N/A,0.74,0.74,0.74
04/10/2013,0.74,N/A,0.74,0.74,0.74
04/09/2013,0.7,N/A,0.7,0.7,0.7
04/08/2013,0.71,N/A,0.71,0.71,0.71
04/05/2013,0.68,N/A,0.68,0.68,0.68
04/04/2013,0.69,N/A,0.69,0.69,0.69
04/03/2013,0.73,N/A,0.73,0.73,0.73
04/02/2013,0.78,N/A,0.78,0.78,0.78
04/01/2013,0.76,N/A,0.76,0.76,0.76
03/29/2013,0.77,N/A,0.77,0.77,0.77
03/28/2013,0.77,N/A,0.77,0.77,0.77
03/27/2013,0.76,N/A,0.76,0.76,0.76
03/26/2013,0.79,N/A,0.79,0.79,0.79
03/25/2013,0.8,N/A,0.8,0.8,0.8
03/22/2013,0.8,N/A,0.8,0.8,0.8
03/21/2013,0.81,N/A,0.81,0.81,0.81
03/20/2013,0.81,N/A,0.81,0.81,0.81
03/19/2013,0.79,N/A,0.79,0.79,0.79
03/18/2013,0.81,N/A,0.81,0.81,0.81
03/15/2013,0.84,N/A,0.84,0.84,0.84
03/14/2013,0.88,N/A,0.88,0.88,0.88
03/13/2013,0.89,N/A,0.89,0.89,0.89
03/12/2013,0.88,N/A,0.88,0.88,0.88
03/11/2013,0.9,N/A,0.9,0.9,0.9
03/08/2013,0.9,N/A,0.9,0.9,0.9
03/07/2013,0.85,N/A,0.85,0.85,0.85
03/06/2013,0.81,N/A,0.81,0.81,0.81
03/05/2013,0.77,N/A,0.77,0.77,0.77
03/04/2013,0.76,N/A,0.76,0.76,0.76
03/01/2013,0.75,N/A,0.75,0.75,0.75
02/28/2013,0.77,N/A,0.77,0.77,0.77
02/27/2013,0.78,N/A,0.78,0.78,0.78
02/26/2013,0.78,N/A,0.78,0.78,0.78
02/25/2013,0.78,N/A,0.78,0.78,0.78
02/22/2013,0.84,N/A,0.84,0.84,0.84
02/21/2013,0.86,N/A,0.86,0.86,0.86
02/20/2013,0.88,N/A,0.88,0.88,0.88
02/19/2013,0.89,N/A,0.89,0.89,0.89
02/18/2013,0.87,N/A,0.87,0.87,0.87
02/15/2013,0.87,N/A,0.87,0.87,0.87
02/14/2013,0.86,N/A,0.86,0.86,0.86
02/13/2013,0.92,N/A,0.92,0.92,0.92
02/12/2013,0.88,N/A,0.88,0.88,0.88
02/11/2013,0.85,N/A,0.85,0.85,0.85
02/08/2013,0.84,N/A,0.84,0.84,0.84
02/07/2013,0.83,N/A,0.83,0.83,0.83
02/06/2013,0.84,N/A,0.84,0.84,0.84
02/05/2013,0.88,N/A,0.88,0.88,0.88
02/04/2013,0.85,N/A,0.85,0.85,0.85
02/01/2013,0.88,N/A,0.88,0.88,0.88
01/31/2013,0.88,N/A,0.88,0.88,0.88
01/30/2013,0.88,N/A,0.88,0.88,0.88
01/29/2013,0.9,N/A,0.9,0.9,0.9
01/28/2013,0.89,N/A,0.89,0.89,0.89
01/25/2013,0.87,N/A,0.87,0.87,0.87
01/24/2013,0.78,N/A,0.78,0.78,0.78
01/23/2013,0.76,N/A,0.76,0.76,0.76
01/22/2013,0.76,N/A,0.76,0.76,0.76
01/21/2013,0.77,N/A,0.77,0.77,0.77
01/18/2013,0.77,N/A,0.77,0.77,0.77
01/17/2013,0.79,N/A,0.79,0.79,0.79
01/16/2013,0.75,N/A,0.75,0.75,0.75
01/15/2013,0.75,N/A,0.75,0.75,0.75
01/14/2013,0.78,N/A,0.78,0.78,0.78
01/11/2013,0.78,N/A,0.78,0.78,0.78
01/10/2013,0.8,N/A,0.8,0.8,0.8
01/09/2013,0.77,N/A,0.77,0.77,0.77
01/08/2013,0.79,N/A,0.79,0.79,0.79
01/07/2013,0.82,N/A,0.82,0.82,0.82
01/04/2013,0.82,N/A,0.82,0.82,0.82
01/03/2013,0.81,N/A,0.81,0.81,0.81
01/02/2013,0.76,N/A,0.76,0.76,0.76
01/01/2013,0.72,N/A,0.72,0.72,0.72
12/31/2012,0.72,N/A,0.72,0.72,0.72
12/28/2012,0.72,N/A,0.72,0.72,0.72
12/27/2012,0.72,N/A,0.72,0.72,0.72
12/26/2012,0.76,N/A,0.76,0.76,0.76
12/25/2012,0.77,N/A,0.77,0.77,0.77
12/24/2012,0.77,N/A,0.77,0.77,0.77
12/21/2012,0.75,N/A,0.75,0.75,0.75
12/20/2012,0.77,N/A,0.77,0.77,0.77
12/19/2012,0.77,N/A,0.77,0.77,0.77
12/18/2012,0.78,N/A,0.78,0.78,0.78
12/17/2012,0.74,N/A,0.74,0.74,0.74
12/14/2012,0.7,N/A,0.7,0.7,0.7
12/13/2012,0.7,N/A,0.7,0.7,0.7
12/12/2012,0.66,N/A,0.66,0.66,0.66
12/11/2012,0.64,N/A,0.64,0.64,0.64
12/10/2012,0.62,N/A,0.62,0.62,0.62
12/07/2012,0.63,N/A,0.63,0.63,0.63
12/06/2012,0.6,N/A,0.6,0.6,0.6
12/05/2012,0.61,N/A,0.61,0.61,0.61
12/04/2012,0.63,N/A,0.63,0.63,0.63
12/03/2012,0.63,N/A,0.63,0.63,0.63
11/30/2012,0.61,N/A,0.61,0.61,0.61
11/29/2012,0.63,N/A,0.63,0.63,0.63
11/28/2012,0.64,N/A,0.64,0.64,0.64
11/27/2012,0.66,N/A,0.66,0.66,0.66
11/26/2012,0.68,N/A,0.68,0.68,0.68
11/23/2012,0.7,N/A,0.7,0.7,0.7
11/22/2012,0.69,N/A,0.69,0.69,0.69
11/21/2012,0.69,N/A,0.69,0.69,0.69
11/20/2012,0.67,N/A,0.67,0.67,0.67
11/19/2012,0.64,N/A,0.64,0.64,0.64
11/16/2012,0.62,N/A,0.62,0.62,0.62
11/15/2012,0.62,N/A,0.62,0.62,0.62
11/14/2012,0.63,N/A,0.63,0.63,0.63
11/13/2012,0.63,N/A,0.63,0.63,0.63
11/12/2012,0.65,N/A,0.65,0.65,0.65
11/09/2012,0.65,N/A,0.65,0.65,0.65
11/08/2012,0.65,N/A,0.65,0.65,0.65
11/07/2012,0.67,N/A,0.67,0.67,0.67
11/06/2012,0.75,N/A,0.75,0.75,0.75
11/05/2012,0.7,N/A,0.7,0.7,0.7
11/02/2012,0.73,N/A,0.73,0.73,0.73
11/01/2012,0.73,N/A,0.73,0.73,0.73
10/31/2012,0.72,N/A,0.72,0.72,0.72
10/30/2012,0.74,N/A,0.74,0.74,0.74
10/29/2012,0.74,N/A,0.74,0.74,0.74
10/26/2012,0.76,N/A,0.76,0.76,0.76
10/25/2012,0.82,N/A,0.82,0.82,0.82
10/24/2012,0.76,N/A,0.76,0.76,0.76
10/23/2012,0.77,N/A,0.77,0.77,0.77
10/22/2012,0.79,N/A,0.79,0.79,0.79
10/19/2012,0.77,N/A,0.77,0.77,0.77
10/18/2012,0.79,N/A,0.79,0.79,0.79
10/17/2012,0.78,N/A,0.78,0.78,0.78
10/16/2012,0.7,N/A,0.7,0.7,0.7
10/15/2012,0.67,N/A,0.67,0.67,0.67
10/12/2012,0.67,N/A,0.67,0.67,0.67
10/11/2012,0.67,N/A,0.67,0.67,0.67
10/10/2012,0.66,N/A,0.66,0.66,0.66
10/09/2012,0.67,N/A,0.67,0.67,0.67
10/08/2012,0.67,N/A,0.67,0.67,0.67
10/05/2012,0.67,N/A,0.67,0.67,0.67
10/04/2012,0.63,N/A,0.63,0.63,0.63
10/03/2012,0.61,N/A,0.61,0.61,0.61
10/02/2012,0.61,N/A,0.61,0.61,0.61
10/01/2012,0.62,N/A,0.62,0.62,0.62
09/28/2012,0.62,N/A,0.62,0.62,0.62
09/27/2012,0.64,N/A,0.64,0.64,0.64
09/26/2012,0.63,N/A,0.63,0.63,0.63
09/25/2012,0.66,N/A,0.66,0.66,0.66
09/24/2012,0.68,N/A,0.68,0.68,0.68
09/21/2012,0.68,N/A,0.68,0.68,0.68
09/20/2012,0.7,N/A,0.7,0.7,0.7
09/19/2012,0.7,N/A,0.7,0.7,0.7
09/18/2012,0.71,N/A,0.71,0.71,0.71
09/17/2012,0.73,N/A,0.73,0.73,0.73
09/14/2012,0.72,N/A,0.72,0.72,0.72
09/13/2012,0.65,N/A,0.65,0.65,0.65
09/12/2012,0.7,N/A,0.7,0.7,0.7
09/11/2012,0.67,N/A,0.67,0.67,0.67
09/10/2012,0.66,N/A,0.66,0.66,0.66
09/07/2012,0.64,N/A,0.64,0.64,0.64
09/06/2012,0.68,N/A,0.68,0.68,0.68
09/05/2012,0.62,N/A,0.62,0.62,0.62
09/04/2012,0.62,N/A,0.62,0.62,0.62
09/03/2012,0.59,N/A,0.59,0.59,0.59
08/31/2012,0.59,N/A,0.59,0.59,0.59
08/30/2012,0.66,N/A,0.66,0.66,0.66
08/29/2012,0.69,N/A,0.69,0.69,0.69
08/28/2012,0.69,N/A,0.69,0.69,0.69
08/27/2012,0.7,N/A,0.7,0.7,0.7
08/24/2012,0.72,N/A,0.72,0.72,0.72
08/23/2012,0.71,N/A,0.71,0.71,0.71
08/22/2012,0.71,N/A,0.71,0.71,0.71
08/21/2012,0.8,N/A,0.8,0.8,0.8
08/20/2012,0.8,N/A,0.8,0.8,0.8
08/17/2012,0.81,N/A,0.81,0.81,0.81
08/16/2012,0.83,N/A,0.83,0.83,0.83
08/15/2012,0.8,N/A,0.8,0.8,0.8
08/14/2012,0.75,N/A,0.75,0.75,0.75
08/13/2012,0.71,N/A,0.71,0.71,0.71
08/10/2012,0.71,N/A,0.71,0.71,0.71
08/09/2012,0.74,N/A,0.74,0.74,0.74
08/08/2012,0.73,N/A,0.73,0.73,0.73
08/07/2012,0.71,N/A,0.71,0.71,0.71
08/06/2012,0.65,N/A,0.65,0.65,0.65
08/03/2012,0.67,N/A,0.67,0.67,0.67
08/02/2012,0.61,N/A,0.61,0.61,0.61
08/01/2012,0.63,N/A,0.63,0.63,0.63
07/31/2012,0.6,N/A,0.6,0.6,0.6
07/30/2012,0.61,N/A,0.61,0.61,0.61
07/27/2012,0.65,N/A,0.65,0.65,0.65
07/26/2012,0.58,N/A,0.58,0.58,0.58
07/25/2012,0.56,N/A,0.56,0.56,0.56
07/24/2012,0.57,N/A,0.57,0.57,0.57
07/23/2012,0.57,N/A,0.57,0.57,0.57
07/20/2012,0.59,N/A,0.59,0.59,0.59
07/19/2012,0.62,N/A,0.62,0.62,0.62
07/18/2012,0.6,N/A,0.6,0.6,0.6
07/17/2012,0.62,N/A,0.62,0.62,0.62
07/16/2012,0.6,N/A,0.6,0.6,0.6
07/13/2012,0.63,N/A,0.63,0.63,0.63
07/12/2012,0.63,N/A,0.63,0.63,0.63
07/11/2012,0.64,N/A,0.64,0.64,0.64
07/10/2012,0.63,N/A,0.63,0.63,0.63
07/09/2012,0.63,N/A,0.63,0.63,0.63
07/06/2012,0.64,N/A,0.64,0.64,0.64
07/05/2012,0.68,N/A,0.68,0.68,0.68
07/04/2012,0.69,N/A,0.69,0.69,0.69
07/03/2012,0.69,N/A,0.69,0.69,0.69
07/02/2012,0.67,N/A,0.67,0.67,0.67
06/29/2012,0.72,N/A,0.72,0.72,0.72
06/28/2012,0.69,N/A,0.69,0.69,0.69
06/27/2012,0.73,N/A,0.73,0.73,0.73
06/26/2012,0.75,N/A,0.75,0.75,0.75
06/25/2012,0.72,N/A,0.72,0.72,0.72
06/22/2012,0.76,N/A,0.76,0.76,0.76
06/21/2012,0.73,N/A,0.73,0.73,0.73
06/20/2012,0.74,N/A,0.74,0.74,0.74
06/19/2012,0.71,N/A,0.71,0.71,0.71
06/18/2012,0.69,N/A,0.69,0.69,0.69
06/15/2012,0.68,N/A,0.68,0.68,0.68
06/14/2012,0.73,N/A,0.73,0.73,0.73
06/13/2012,0.71,N/A,0.71,0.71,0.71
06/12/2012,0.75,N/A,0.75,0.75,0.75
06/11/2012,0.69,N/A,0.69,0.69,0.69
06/08/2012,0.71,N/A,0.71,0.71,0.71
06/07/2012,0.72,N/A,0.72,0.72,0.72
06/06/2012,0.73,N/A,0.73,0.73,0.73
06/05/2012,0.68,N/A,0.68,0.68,0.68
06/04/2012,0.68,N/A,0.68,0.68,0.68
06/01/2012,0.62,N/A,0.62,0.62,0.62
05/31/2012,0.67,N/A,0.67,0.67,0.67
05/30/2012,0.69,N/A,0.69,0.69,0.69
05/29/2012,0.76,N/A,0.76,0.76,0.76
05/28/2012,0.76,N/A,0.76,0.76,0.76
05/25/2012,0.76,N/A,0.76,0.76,0.76
05/24/2012,0.77,N/A,0.77,0.77,0.77
05/23/2012,0.74,N/A,0.74,0.74,0.74
05/22/2012,0.78,N/A,0.78,0.78,0.78
05/21/2012,0.75,N/A,0.75,0.75,0.75
05/18/2012,0.75,N/A,0.75,0.75,0.75
05/17/2012,0.74,N/A,0.74,0.74,0.74
05/16/2012,0.75,N/A,0.75,0.75,0.75
05/15/2012,0.74,N/A,0.74,0.74,0.74
05/14/2012,0.73,N/A,0.73,0.73,0.73
05/11/2012,0.75,N/A,0.75,0.75,0.75
05/10/2012,0.79,N/A,0.79,0.79,0.79
05/09/2012,0.77,N/A,0.77,0.77,0.77
05/08/2012,0.77,N/A,0.77,0.77,0.77
05/07/2012,0.79,N/A,0.79,0.79,0.79
05/04/2012,0.78,N/A,0.78,0.78,0.78
05/03/2012,0.82,N/A,0.82,0.82,0.82
05/02/2012,0.82,N/A,0.82,0.82,0.82
05/01/2012,0.84,N/A,0.84,0.84,0.84
04/30/2012,0.82,N/A,0.82,0.82,0.82
04/27/2012,0.82,N/A,0.82,0.82,0.82
04/26/2012,0.83,N/A,0.83,0.83,0.83
04/25/2012,0.86,N/A,0.86,0.86,0.86
04/24/2012,0.86,N/A,0.86,0.86,0.86
04/23/2012,0.83,N/A,0.83,0.83,0.83
04/20/2012,0.86,N/A,0.86,0.86,0.86
04/19/2012,0.84,N/A,0.84,0.84,0.84
04/18/2012,0.86,N/A,0.86,0.86,0.86
04/17/2012,0.88,N/A,0.88,0.88,0.88
04/16/2012,0.85,N/A,0.85,0.85,0.85
04/13/2012,0.86,N/A,0.86,0.86,0.86
04/12/2012,0.9,N/A,0.9,0.9,0.9
04/11/2012,0.89,N/A,0.89,0.89,0.89
04/10/2012,0.85,N/A,0.85,0.85,0.85
04/09/2012,0.9,N/A,0.9,0.9,0.9
04/06/2012,0.89,N/A,0.89,0.89,0.89
04/05/2012,1.01,N/A,1.01,1.01,1.01
04/04/2012,1.05,N/A,1.05,1.05,1.05
04/03/2012,1.1,N/A,1.1,1.1,1.1
04/02/2012,1.03,N/A,1.03,1.03,1.03
03/30/2012,1.04,N/A,1.04,1.04,1.04
03/29/2012,1.01,N/A,1.01,1.01,1.01
03/28/2012,1.05,N/A,1.05,1.05,1.05
03/27/2012,1.04,N/A,1.04,1.04,1.04
03/26/2012,1.09,N/A,1.09,1.09,1.09
03/23/2012,1.1,N/A,1.1,1.1,1.1
03/22/2012,1.13,N/A,1.13,1.13,1.13
03/21/2012,1.15,N/A,1.15,1.15,1.15
03/20/2012,1.22,N/A,1.22,1.22,1.22
03/19/2012,1.2,N/A,1.2,1.2,1.2
03/16/2012,1.13,N/A,1.13,1.13,1.13
03/15/2012,1.11,N/A,1.11,1.11,1.11
03/14/2012,1.13,N/A,1.13,1.13,1.13
03/13/2012,0.99,N/A,0.99,0.99,0.99
03/12/2012,0.92,N/A,0.92,0.92,0.92
03/09/2012,0.9,N/A,0.9,0.9,0.9
03/08/2012,0.89,N/A,0.89,0.89,0.89
03/07/2012,0.85,N/A,0.85,0.85,0.85
03/06/2012,0.83,N/A,0.83,0.83,0.83
03/05/2012,0.87,N/A,0.87,0.87,0.87
03/02/2012,0.84,N/A,0.84,0.84,0.84
03/01/2012,0.89,N/A,0.89,0.89,0.89
02/29/2012,0.87,N/A,0.87,0.87,0.87
02/28/2012,0.84,N/A,0.84,0.84,0.84
02/27/2012,0.84,N/A,0.84,0.84,0.84
02/24/2012,0.89,N/A,0.89,0.89,0.89
02/23/2012,0.88,N/A,0.88,0.88,0.88
02/22/2012,0.88,N/A,0.88,0.88,0.88
02/21/2012,0.92,N/A,0.92,0.92,0.92
02/20/2012,0.88,N/A,0.88,0.88,0.88
02/17/2012,0.88,N/A,0.88,0.88,0.88
02/16/2012,0.87,N/A,0.87,0.87,0.87
02/15/2012,0.81,N/A,0.81,0.81,0.81
02/14/2012,0.81,N/A,0.81,0.81,0.81
02/13/2012,0.85,N/A,0.85,0.85,0.85
02/10/2012,0.81,N/A,0.81,0.81,0.81
02/09/2012,0.86,N/A,0.86,0.86,0.86
02/08/2012,0.82,N/A,0.82,0.82,0.82
02/07/2012,0.82,N/A,0.82,0.82,0.82
02/06/2012,0.76,N/A,0.76,0.76,0.76
02/03/2012,0.78,N/A,0.78,0.78,0.78
02/02/2012,0.71,N/A,0.71,0.71,0.71
02/01/2012,0.72,N/A,0.72,0.72,0.72
01/31/2012,0.71,N/A,0.71,0.71,0.71
01/30/2012,0.73,N/A,0.73,0.73,0.73
01/27/2012,0.75,N/A,0.75,0.75,0.75
01/26/2012,0.77,N/A,0.77,0.77,0.77
01/25/2012,0.81,N/A,0.81,0.81,0.81
01/24/2012,0.92,N/A,0.92,0.92,0.92
01/23/2012,0.93,N/A,0.93,0.93,0.93
01/20/2012,0.91,N/A,0.91,0.91,0.91
01/19/2012,0.87,N/A,0.87,0.87,0.87
01/18/2012,0.82,N/A,0.82,0.82,0.82
01/17/2012,0.79,N/A,0.79,0.79,0.79
01/16/2012,0.8,N/A,0.8,0.8,0.8
01/13/2012,0.8,N/A,0.8,0.8,0.8
01/12/2012,0.84,N/A,0.84,0.84,0.84
